user_id,week,date,day_of_week,week_number,planned_hours,actual_hours,schedule_adherence,time_management_score,late_tasks,deadline_misses,planning_sessions,priority_tasks_completed
U001,1,2026-01-05,Monday,1,8.07,5.32,0.668,60.83,1,1,1,2
U001,1,2026-01-06,Tuesday,1,8.53,6.72,0.806,87.4,0,0,1,2
U001,1,2026-01-07,Wednesday,1,8.87,8.03,0.58,75.98,3,1,2,3
U001,1,2026-01-08,Thursday,1,6.72,5.47,0.995,91.64,0,0,3,3
U001,1,2026-01-09,Friday,1,7.92,6.57,1.0,81.2,2,0,1,1
U001,1,2026-01-10,Saturday,1,3.35,2.91,0.69,76.16,3,0,0,2
U001,1,2026-01-11,Sunday,1,2.9,2.31,0.838,76.63,1,0,1,1
U001,2,2026-01-12,Monday,2,8.52,7.29,0.959,97.4,3,0,0,4
U001,2,2026-01-13,Tuesday,2,8.08,7.2,0.952,98.0,2,0,0,4
U001,2,2026-01-14,Wednesday,2,9.0,7.94,0.955,91.6,0,0,2,1
U001,2,2026-01-15,Thursday,2,9.83,8.9,0.949,98.0,1,0,0,2
U001,2,2026-01-16,Friday,2,8.16,5.93,0.769,89.97,2,0,3,2
U001,2,2026-01-17,Saturday,2,2.69,1.52,0.642,70.81,1,1,1,2
U001,2,2026-01-18,Sunday,2,4.09,3.5,0.698,68.49,1,1,0,1
U001,3,2026-01-19,Monday,3,7.88,5.79,0.726,92.4,0,0,0,3
U001,3,2026-01-20,Tuesday,3,7.82,6.51,0.838,92.67,1,1,0,4
U001,3,2026-01-21,Wednesday,3,9.42,8.33,1.0,82.74,0,0,1,4
U001,3,2026-01-22,Thursday,3,8.55,6.57,0.748,95.23,2,1,1,3
U001,3,2026-01-23,Friday,3,8.3,8.62,0.958,98.0,3,1,1,2
U001,3,2026-01-24,Saturday,3,2.04,1.82,0.775,63.4,1,0,3,1
U001,3,2026-01-25,Sunday,3,6.79,7.21,1.0,97.07,1,0,1,3
U001,4,2026-01-26,Monday,4,8.49,5.76,0.745,95.0,1,0,1,1
U001,4,2026-01-27,Tuesday,4,7.28,7.88,0.971,98.0,2,0,1,2
U001,4,2026-01-28,Wednesday,4,7.74,6.88,0.82,98.0,1,0,2,3
U001,4,2026-01-29,Thursday,4,7.66,4.94,0.658,77.9,3,0,3,1
U001,4,2026-01-30,Friday,4,9.3,7.76,0.629,98.0,0,0,1,2
U001,4,2026-01-31,Saturday,4,3.49,3.81,1.0,75.19,0,0,0,1
U001,4,2026-02-01,Sunday,4,3.09,3.55,1.0,89.93,0,0,0,0
U001,5,2026-02-02,Monday,5,6.17,6.54,0.974,98.0,5,0,2,3
U001,5,2026-02-03,Tuesday,5,6.63,5.49,0.934,90.41,3,0,1,3
U001,5,2026-02-04,Wednesday,5,8.69,7.73,0.895,90.07,1,0,0,2
U001,5,2026-02-05,Thursday,5,7.9,8.5,0.897,98.0,1,1,1,2
U001,5,2026-02-06,Friday,5,11.76,11.73,0.947,98.0,0,0,2,2
U001,5,2026-02-07,Saturday,5,4.01,3.39,0.888,84.82,1,0,1,0
U001,5,2026-02-08,Sunday,5,3.71,2.53,0.706,78.86,0,0,3,2
U001,6,2026-02-09,Monday,6,10.19,8.28,0.686,80.19,2,1,0,3
U001,6,2026-02-10,Tuesday,6,10.57,9.05,0.893,98.0,0,0,1,3
U001,6,2026-02-11,Wednesday,6,9.72,7.73,0.789,98.0,1,0,2,1
U001,6,2026-02-12,Thursday,6,8.32,6.99,0.864,89.93,1,0,0,4
U001,6,2026-02-13,Friday,6,4.2,2.9,0.767,72.89,2,1,1,3
U001,6,2026-02-14,Saturday,6,5.57,3.14,0.773,80.74,0,1,0,1
U001,6,2026-02-15,Sunday,6,5.38,5.16,1.0,90.58,1,0,2,1
U001,7,2026-02-16,Monday,7,7.41,6.87,1.0,98.0,2,0,0,1
U001,7,2026-02-17,Tuesday,7,8.25,8.85,1.0,92.36,2,0,2,2
U001,7,2026-02-18,Wednesday,7,9.09,8.38,0.878,89.31,1,0,1,4
U001,7,2026-02-19,Thursday,7,8.78,6.07,0.863,90.56,0,1,0,2
U001,7,2026-02-20,Friday,7,9.91,7.05,0.589,63.3,1,0,2,3
U001,7,2026-02-21,Saturday,7,1.5,0.5,0.25,46.9,0,1,2,2
U001,7,2026-02-22,Sunday,7,3.65,3.54,0.844,86.55,1,0,1,4
U001,8,2026-02-23,Monday,8,9.8,8.08,0.961,88.05,2,0,1,2
U001,8,2026-02-24,Tuesday,8,8.94,6.88,0.724,95.17,4,0,2,3
U001,8,2026-02-25,Wednesday,8,7.14,6.53,0.839,80.13,1,0,2,2
U001,8,2026-02-26,Thursday,8,8.25,7.23,0.841,95.49,1,0,0,4
U001,8,2026-02-27,Friday,8,8.06,5.64,0.534,82.05,2,0,2,0
U001,8,2026-02-28,Saturday,8,4.23,2.61,0.53,64.98,0,0,0,0
U001,8,2026-03-01,Sunday,8,3.61,2.6,0.972,73.13,0,0,0,1
U001,9,2026-03-02,Monday,9,6.85,5.73,0.912,92.03,0,0,3,2
U001,9,2026-03-03,Tuesday,9,7.48,6.11,0.803,86.64,0,0,2,3
U001,9,2026-03-04,Wednesday,9,8.58,7.52,0.99,87.77,2,0,2,1
U001,9,2026-03-05,Thursday,9,10.83,9.12,0.645,83.65,3,0,0,2
U001,9,2026-03-06,Friday,9,10.84,9.78,0.958,98.0,3,0,3,2
U001,9,2026-03-07,Saturday,9,4.89,4.83,1.0,86.86,1,0,0,2
U001,9,2026-03-08,Sunday,9,3.21,1.79,0.728,80.19,0,0,1,1
U001,10,2026-03-09,Monday,10,8.54,7.13,0.7,78.48,2,0,1,1
U001,10,2026-03-10,Tuesday,10,9.91,9.14,0.862,83.99,3,0,1,4
U001,10,2026-03-11,Wednesday,10,9.17,8.73,1.0,95.04,3,0,1,3
U001,10,2026-03-12,Thursday,10,9.64,8.74,0.954,94.46,0,0,3,3
U001,10,2026-03-13,Friday,10,9.69,8.69,0.799,94.31,2,0,0,2
U001,10,2026-03-14,Saturday,10,7.42,6.54,0.798,94.29,1,0,0,1
U001,10,2026-03-15,Sunday,10,2.25,1.53,0.67,92.66,0,0,1,4
U001,11,2026-03-16,Monday,11,10.74,8.39,0.761,82.38,1,0,3,3
U001,11,2026-03-17,Tuesday,11,8.17,7.8,1.0,98.0,0,2,0,4
U001,11,2026-03-18,Wednesday,11,9.37,7.35,0.812,91.98,1,0,1,3
U001,11,2026-03-19,Thursday,11,11.15,9.23,0.62,98.0,3,1,2,3
U001,11,2026-03-20,Friday,11,8.67,7.28,0.917,77.65,2,0,2,3
U001,11,2026-03-21,Saturday,11,3.95,4.55,1.0,88.74,1,0,0,3
U001,11,2026-03-22,Sunday,11,4.36,3.03,0.416,70.92,1,0,2,2
U001,12,2026-03-23,Monday,12,9.48,6.44,0.658,65.12,0,0,1,2
U001,12,2026-03-24,Tuesday,12,7.4,6.87,1.0,93.77,3,0,0,1
U001,12,2026-03-25,Wednesday,12,7.36,4.88,0.857,82.64,0,0,1,3
U001,12,2026-03-26,Thursday,12,9.33,7.64,0.961,98.0,1,0,1,3
U001,12,2026-03-27,Friday,12,8.46,8.55,1.0,98.0,1,0,1,2
U001,12,2026-03-28,Saturday,12,3.79,4.35,1.0,75.8,1,0,3,2
U001,12,2026-03-29,Sunday,12,4.29,4.74,1.0,77.72,1,0,2,2
U002,1,2026-01-05,Monday,1,10.12,8.02,0.684,96.78,2,1,0,2
U002,1,2026-01-06,Tuesday,1,8.57,6.35,0.746,87.0,1,0,0,2
U002,1,2026-01-07,Wednesday,1,7.59,6.28,0.883,98.0,1,0,2,3
U002,1,2026-01-08,Thursday,1,8.51,7.41,0.994,98.0,2,1,1,3
U002,1,2026-01-09,Friday,1,6.52,7.5,1.0,98.0,1,0,0,3
U002,1,2026-01-10,Saturday,1,3.73,3.48,0.993,92.4,1,0,1,1
U002,1,2026-01-11,Sunday,1,4.29,3.83,0.902,85.21,2,0,0,3
U002,2,2026-01-12,Monday,2,5.74,3.27,0.686,89.26,2,0,0,1
U002,2,2026-01-13,Tuesday,2,12.35,11.34,1.0,98.0,2,1,1,3
U002,2,2026-01-14,Wednesday,2,6.98,5.39,0.783,86.93,1,0,4,2
U002,2,2026-01-15,Thursday,2,8.82,5.3,0.603,84.28,4,1,1,2
U002,2,2026-01-16,Friday,2,9.03,7.77,0.628,82.13,3,1,1,3
U002,2,2026-01-17,Saturday,2,3.79,2.7,0.755,87.95,3,1,1,2
U002,2,2026-01-18,Sunday,2,2.26,1.81,0.869,80.25,0,1,0,3
U002,3,2026-01-19,Monday,3,8.36,6.27,0.675,88.0,2,1,1,2
U002,3,2026-01-20,Tuesday,3,8.16,5.56,0.81,81.16,3,0,3,2
U002,3,2026-01-21,Wednesday,3,6.43,5.47,1.0,95.19,2,0,1,4
U002,3,2026-01-22,Thursday,3,9.8,6.86,0.485,80.04,0,2,0,3
U002,3,2026-01-23,Friday,3,7.21,6.22,0.976,98.0,0,1,0,3
U002,3,2026-01-24,Saturday,3,4.31,3.58,1.0,78.0,1,0,1,1
U002,3,2026-01-25,Sunday,3,5.27,4.9,1.0,96.88,1,0,2,0
U002,4,2026-01-26,Monday,4,5.95,5.14,0.637,82.19,3,0,0,2
U002,4,2026-01-27,Tuesday,4,8.65,7.73,1.0,98.0,0,0,0,3
U002,4,2026-01-28,Wednesday,4,6.63,5.51,0.679,88.3,2,0,0,2
U002,4,2026-01-29,Thursday,4,11.85,8.45,0.858,92.67,1,1,2,2
U002,4,2026-01-30,Friday,4,9.55,8.57,0.914,98.0,1,0,3,2
U002,4,2026-01-31,Saturday,4,4.35,3.57,0.815,80.2,0,0,0,2
U002,4,2026-02-01,Sunday,4,4.18,3.93,0.801,82.1,0,0,2,0
U002,5,2026-02-02,Monday,5,8.48,5.42,0.777,88.47,1,0,0,3
U002,5,2026-02-03,Tuesday,5,7.57,7.48,1.0,98.0,1,0,1,2
U002,5,2026-02-04,Wednesday,5,9.43,8.08,0.881,98.0,0,0,1,1
U002,5,2026-02-05,Thursday,5,8.31,6.26,0.845,98.0,2,1,3,3
U002,5,2026-02-06,Friday,5,10.48,9.11,0.886,91.7,2,0,1,3
U002,5,2026-02-07,Saturday,5,5.91,4.77,0.71,74.32,0,0,0,1
U002,5,2026-02-08,Sunday,5,3.33,3.25,0.892,82.61,0,0,0,3
U002,6,2026-02-09,Monday,6,9.0,9.02,1.0,98.0,1,1,1,2
U002,6,2026-02-10,Tuesday,6,7.09,4.95,0.688,98.0,1,1,2,4
U002,6,2026-02-11,Wednesday,6,8.08,7.54,1.0,98.0,1,0,0,4
U002,6,2026-02-12,Thursday,6,8.93,8.55,1.0,98.0,0,1,2,3
U002,6,2026-02-13,Friday,6,7.91,5.46,0.771,85.55,1,1,0,2
U002,6,2026-02-14,Saturday,6,1.5,0.5,0.311,56.34,0,0,0,0
U002,6,2026-02-15,Sunday,6,4.23,4.26,0.825,80.87,0,1,0,1
U002,7,2026-02-16,Monday,7,8.24,7.91,0.927,98.0,1,0,0,3
U002,7,2026-02-17,Tuesday,7,4.94,4.65,0.976,68.59,0,0,2,3
U002,7,2026-02-18,Wednesday,7,8.02,8.08,0.938,84.95,3,1,1,2
U002,7,2026-02-19,Thursday,7,8.58,7.38,0.722,98.0,0,1,2,2
U002,7,2026-02-20,Friday,7,11.09,9.22,0.645,98.0,1,0,0,3
U002,7,2026-02-21,Saturday,7,3.63,3.5,0.96,79.39,0,0,0,1
U002,7,2026-02-22,Sunday,7,3.95,1.88,0.607,72.98,0,0,0,1
U002,8,2026-02-23,Monday,8,8.8,7.54,1.0,98.0,2,0,0,2
U002,8,2026-02-24,Tuesday,8,8.21,6.68,0.801,88.16,1,0,2,3
U002,8,2026-02-25,Wednesday,8,12.83,10.48,0.975,98.0,0,0,1,2
U002,8,2026-02-26,Thursday,8,9.3,7.91,0.708,83.17,1,0,0,4
U002,8,2026-02-27,Friday,8,9.4,7.7,0.856,98.0,2,0,2,3
U002,8,2026-02-28,Saturday,8,3.98,1.57,0.37,60.64,1,0,2,3
U002,8,2026-03-01,Sunday,8,5.44,6.01,0.992,88.6,0,0,4,3
U002,9,2026-03-02,Monday,9,4.95,3.62,0.879,80.8,3,2,0,4
U002,9,2026-03-03,Tuesday,9,8.21,5.35,0.63,91.26,0,1,0,3
U002,9,2026-03-04,Wednesday,9,8.97,7.08,0.624,75.19,0,0,0,4
U002,9,2026-03-05,Thursday,9,10.1,9.45,0.993,98.0,4,0,0,3
U002,9,2026-03-06,Friday,9,10.2,8.69,1.0,98.0,0,1,3,3
U002,9,2026-03-07,Saturday,9,3.74,4.31,1.0,83.8,3,0,1,3
U002,9,2026-03-08,Sunday,9,1.87,2.15,1.0,90.05,0,0,0,1
U002,10,2026-03-09,Monday,10,10.9,9.11,0.759,98.0,6,0,2,3
U002,10,2026-03-10,Tuesday,10,7.38,6.41,0.651,78.94,1,1,2,3
U002,10,2026-03-11,Wednesday,10,9.7,7.78,0.854,87.31,0,1,1,3
U002,10,2026-03-12,Thursday,10,10.84,7.96,0.639,79.61,0,1,1,4
U002,10,2026-03-13,Friday,10,7.43,4.85,0.634,66.45,2,1,2,4
U002,10,2026-03-14,Saturday,10,4.41,3.04,0.605,66.86,0,0,2,0
U002,10,2026-03-15,Sunday,10,6.83,5.87,0.961,98.0,1,0,0,1
U002,11,2026-03-16,Monday,11,6.52,5.14,0.805,96.42,0,0,1,3
U002,11,2026-03-17,Tuesday,11,9.56,8.22,0.876,98.0,1,0,1,2
U002,11,2026-03-18,Wednesday,11,8.61,8.26,0.905,85.24,0,1,1,3
U002,11,2026-03-19,Thursday,11,7.9,6.89,0.897,88.79,0,0,2,3
U002,11,2026-03-20,Friday,11,8.84,7.56,0.762,93.65,0,1,4,3
U002,11,2026-03-21,Saturday,11,2.62,1.55,0.54,59.02,0,0,1,0
U002,11,2026-03-22,Sunday,11,3.56,3.63,1.0,86.87,0,0,1,1
U002,12,2026-03-23,Monday,12,7.02,6.08,0.672,79.41,1,0,2,2
U002,12,2026-03-24,Tuesday,12,10.63,9.09,0.83,85.37,1,1,1,3
U002,12,2026-03-25,Wednesday,12,9.36,8.52,0.859,98.0,0,0,1,4
U002,12,2026-03-26,Thursday,12,9.1,8.44,0.901,98.0,0,0,3,3
U002,12,2026-03-27,Friday,12,12.28,10.39,0.781,98.0,1,0,1,3
U002,12,2026-03-28,Saturday,12,4.85,3.85,0.963,71.18,2,0,2,3
U002,12,2026-03-29,Sunday,12,4.51,4.92,1.0,92.47,0,0,2,2
U003,1,2026-01-05,Monday,1,8.2,6.32,0.798,87.97,0,0,0,1
U003,1,2026-01-06,Tuesday,1,8.96,7.14,0.783,90.46,2,0,1,3
U003,1,2026-01-07,Wednesday,1,8.06,7.03,0.888,98.0,2,1,1,2
U003,1,2026-01-08,Thursday,1,9.87,7.79,0.797,90.8,2,1,1,5
U003,1,2026-01-09,Friday,1,9.41,8.8,1.0,95.82,4,0,1,3
U003,1,2026-01-10,Saturday,1,3.93,3.48,0.781,77.62,0,0,0,2
U003,1,2026-01-11,Sunday,1,3.74,3.81,1.0,98.0,1,0,0,1
U003,2,2026-01-12,Monday,2,10.17,9.37,0.902,98.0,3,0,1,1
U003,2,2026-01-13,Tuesday,2,9.36,8.21,0.909,98.0,1,2,0,1
U003,2,2026-01-14,Wednesday,2,9.3,5.08,0.591,98.0,2,0,0,2
U003,2,2026-01-15,Thursday,2,5.94,4.16,0.506,82.38,3,0,0,4
U003,2,2026-01-16,Friday,2,7.53,4.51,0.43,72.61,1,0,0,2
U003,2,2026-01-17,Saturday,2,3.68,3.2,0.821,90.32,1,0,0,1
U003,2,2026-01-18,Sunday,2,5.25,3.72,1.0,95.89,1,0,0,1
U003,3,2026-01-19,Monday,3,7.41,6.03,1.0,98.0,2,0,2,2
U003,3,2026-01-20,Tuesday,3,7.24,6.85,1.0,98.0,3,2,1,2
U003,3,2026-01-21,Wednesday,3,11.02,9.54,1.0,98.0,2,0,0,2
U003,3,2026-01-22,Thursday,3,8.55,7.44,1.0,91.47,1,0,1,1
U003,3,2026-01-23,Friday,3,8.86,7.59,0.886,98.0,1,1,1,3
U003,3,2026-01-24,Saturday,3,2.8,2.08,0.87,77.89,1,0,1,2
U003,3,2026-01-25,Sunday,3,4.14,4.34,1.0,95.08,0,0,0,2
U003,4,2026-01-26,Monday,4,10.44,8.92,0.952,98.0,2,0,2,2
U003,4,2026-01-27,Tuesday,4,9.34,8.16,0.749,97.43,0,0,0,2
U003,4,2026-01-28,Wednesday,4,5.64,4.12,0.85,93.21,1,1,2,2
U003,4,2026-01-29,Thursday,4,8.68,9.04,0.948,98.0,0,0,2,2
U003,4,2026-01-30,Friday,4,10.07,7.23,0.669,80.91,2,0,4,1
U003,4,2026-01-31,Saturday,4,3.38,3.89,1.0,91.76,1,0,0,0
U003,4,2026-02-01,Sunday,4,1.5,1.72,1.0,76.76,3,0,1,3
U003,5,2026-02-02,Monday,5,8.49,6.94,0.91,90.59,1,0,0,3
U003,5,2026-02-03,Tuesday,5,8.38,6.07,0.689,98.0,3,0,0,2
U003,5,2026-02-04,Wednesday,5,8.77,7.9,0.953,98.0,4,0,3,3
U003,5,2026-02-05,Thursday,5,7.69,5.08,0.614,88.27,2,0,1,2
U003,5,2026-02-06,Friday,5,7.46,8.06,1.0,98.0,2,0,1,3
U003,5,2026-02-07,Saturday,5,5.61,3.11,0.649,78.98,2,0,2,1
U003,5,2026-02-08,Sunday,5,3.27,3.76,1.0,94.67,0,0,3,2
U003,6,2026-02-09,Monday,6,7.0,6.82,0.898,95.6,1,0,0,1
U003,6,2026-02-10,Tuesday,6,7.5,4.26,0.566,88.09,0,0,1,3
U003,6,2026-02-11,Wednesday,6,8.39,7.54,0.794,98.0,0,0,1,4
U003,6,2026-02-12,Thursday,6,8.04,6.86,0.741,81.6,2,0,1,0
U003,6,2026-02-13,Friday,6,8.58,6.13,0.572,83.0,1,1,0,2
U003,6,2026-02-14,Saturday,6,3.25,2.37,0.635,75.9,4,0,0,2
U003,6,2026-02-15,Sunday,6,6.01,6.14,1.0,93.78,0,0,1,1
U003,7,2026-02-16,Monday,7,10.91,10.67,1.0,98.0,0,0,0,1
U003,7,2026-02-17,Tuesday,7,9.0,6.3,0.602,86.48,0,0,0,2
U003,7,2026-02-18,Wednesday,7,7.75,6.86,0.972,98.0,2,3,3,2
U003,7,2026-02-19,Thursday,7,9.61,8.69,0.869,88.12,1,1,2,2
U003,7,2026-02-20,Friday,7,7.58,7.73,1.0,98.0,2,1,1,2
U003,7,2026-02-21,Saturday,7,5.62,4.73,0.978,98.0,0,0,0,1
U003,7,2026-02-22,Sunday,7,5.09,4.52,0.846,98.0,0,1,0,2
U003,8,2026-02-23,Monday,8,10.13,8.27,0.68,82.13,0,1,0,2
U003,8,2026-02-24,Tuesday,8,9.15,7.07,0.929,98.0,1,1,1,3
U003,8,2026-02-25,Wednesday,8,10.07,8.9,0.992,98.0,3,1,2,3
U003,8,2026-02-26,Thursday,8,9.34,8.2,0.961,98.0,1,1,1,3
U003,8,2026-02-27,Friday,8,7.25,5.68,0.69,77.86,3,0,1,4
U003,8,2026-02-28,Saturday,8,4.41,4.11,1.0,75.68,0,0,0,1
U003,8,2026-03-01,Sunday,8,6.37,6.37,0.99,98.0,1,0,1,1
U003,9,2026-03-02,Monday,9,7.38,7.6,1.0,98.0,1,0,2,1
U003,9,2026-03-03,Tuesday,9,7.65,6.11,0.924,87.78,1,0,4,2
U003,9,2026-03-04,Wednesday,9,11.17,8.97,0.693,93.83,0,1,1,2
U003,9,2026-03-05,Thursday,9,10.18,8.86,1.0,98.0,2,0,1,2
U003,9,2026-03-06,Friday,9,7.69,6.26,0.847,94.03,0,0,1,3
U003,9,2026-03-07,Saturday,9,4.35,3.7,0.867,93.8,0,0,1,1
U003,9,2026-03-08,Sunday,9,4.59,3.47,0.658,80.41,1,0,0,3
U003,10,2026-03-09,Monday,10,8.17,6.28,0.809,91.45,2,0,1,3
U003,10,2026-03-10,Tuesday,10,6.15,4.15,0.833,83.33,2,0,1,2
U003,10,2026-03-11,Wednesday,10,10.31,9.77,0.822,90.02,0,0,0,2
U003,10,2026-03-12,Thursday,10,8.3,7.04,0.875,96.29,0,0,3,4
U003,10,2026-03-13,Friday,10,7.49,8.19,1.0,98.0,0,0,2,3
U003,10,2026-03-14,Saturday,10,4.8,5.39,1.0,97.42,0,0,0,2
U003,10,2026-03-15,Sunday,10,3.68,2.57,0.593,75.25,0,0,2,2
U003,11,2026-03-16,Monday,11,8.79,8.56,1.0,98.0,0,0,0,4
U003,11,2026-03-17,Tuesday,11,11.35,9.13,0.76,98.0,0,1,1,4
U003,11,2026-03-18,Wednesday,11,11.34,9.03,0.842,97.6,0,0,1,3
U003,11,2026-03-19,Thursday,11,10.55,8.63,0.821,98.0,1,1,1,4
U003,11,2026-03-20,Friday,11,9.89,6.79,0.651,89.62,2,0,1,3
U003,11,2026-03-21,Saturday,11,5.88,4.99,1.0,92.52,1,0,1,3
U003,11,2026-03-22,Sunday,11,5.5,4.58,0.719,65.12,0,0,2,2
U003,12,2026-03-23,Monday,12,11.31,9.68,0.782,89.2,0,1,2,2
U003,12,2026-03-24,Tuesday,12,9.59,8.31,0.949,98.0,1,1,1,5
U003,12,2026-03-25,Wednesday,12,9.3,8.53,0.752,98.0,2,3,0,1
U003,12,2026-03-26,Thursday,12,9.37,8.09,0.746,96.13,0,0,2,2
U003,12,2026-03-27,Friday,12,7.94,5.89,0.658,85.16,0,0,0,4
U003,12,2026-03-28,Saturday,12,4.63,2.92,0.406,92.64,0,0,1,3
U003,12,2026-03-29,Sunday,12,2.35,1.85,0.779,80.31,0,0,0,0
U004,1,2026-01-05,Monday,1,7.09,5.18,0.586,68.72,0,0,2,1
U004,1,2026-01-06,Tuesday,1,8.16,7.83,1.0,98.0,3,0,2,1
U004,1,2026-01-07,Wednesday,1,8.81,9.36,1.0,98.0,1,0,2,3
U004,1,2026-01-08,Thursday,1,8.89,8.0,1.0,98.0,5,0,3,2
U004,1,2026-01-09,Friday,1,10.82,10.13,0.82,98.0,2,3,0,3
U004,1,2026-01-10,Saturday,1,6.23,5.45,0.984,95.53,1,0,0,1
U004,1,2026-01-11,Sunday,1,2.76,2.48,0.834,69.24,0,1,0,0
U004,2,2026-01-12,Monday,2,9.31,7.1,0.922,86.28,2,1,3,2
U004,2,2026-01-13,Tuesday,2,11.01,8.7,0.796,80.62,4,1,1,1
U004,2,2026-01-14,Wednesday,2,7.08,5.47,0.578,77.88,1,0,2,2
U004,2,2026-01-15,Thursday,2,11.25,9.41,1.0,98.0,0,0,1,0
U004,2,2026-01-16,Friday,2,8.61,6.46,0.787,73.28,2,0,0,2
U004,2,2026-01-17,Saturday,2,6.85,5.38,0.837,95.09,2,0,0,0
U004,2,2026-01-18,Sunday,2,3.81,4.38,1.0,69.32,1,0,2,1
U004,3,2026-01-19,Monday,3,9.37,8.63,0.945,98.0,0,2,1,2
U004,3,2026-01-20,Tuesday,3,6.95,4.99,0.815,79.93,0,0,1,3
U004,3,2026-01-21,Wednesday,3,11.28,9.22,0.889,98.0,3,0,3,1
U004,3,2026-01-22,Thursday,3,9.62,9.28,0.99,98.0,0,0,1,3
U004,3,2026-01-23,Friday,3,9.13,7.03,0.688,78.35,1,0,2,3
U004,3,2026-01-24,Saturday,3,4.35,2.82,0.62,56.18,1,0,2,0
U004,3,2026-01-25,Sunday,3,2.58,1.26,0.501,69.62,1,0,0,2
U004,4,2026-01-26,Monday,4,6.74,4.83,0.841,83.87,1,1,2,3
U004,4,2026-01-27,Tuesday,4,7.3,7.54,1.0,96.66,1,0,2,4
U004,4,2026-01-28,Wednesday,4,12.35,9.19,0.713,92.7,1,0,0,1
U004,4,2026-01-29,Thursday,4,10.12,7.76,0.745,89.82,2,0,1,1
U004,4,2026-01-30,Friday,4,11.32,9.46,0.83,98.0,1,0,0,3
U004,4,2026-01-31,Saturday,4,5.86,4.95,0.826,72.84,0,0,1,3
U004,4,2026-02-01,Sunday,4,6.07,6.27,0.926,92.32,1,0,1,2
U004,5,2026-02-02,Monday,5,9.04,6.95,0.654,81.8,0,0,0,4
U004,5,2026-02-03,Tuesday,5,9.23,7.3,0.662,83.24,1,1,3,3
U004,5,2026-02-04,Wednesday,5,9.16,7.24,0.858,88.02,2,2,1,3
U004,5,2026-02-05,Thursday,5,10.33,8.58,0.785,93.08,2,0,2,4
U004,5,2026-02-06,Friday,5,9.44,7.33,0.811,95.27,0,1,1,3
U004,5,2026-02-07,Saturday,5,5.57,3.62,0.567,73.38,0,1,1,0
U004,5,2026-02-08,Sunday,5,5.64,5.16,0.994,98.0,1,0,0,1
U004,6,2026-02-09,Monday,6,8.83,9.41,1.0,92.0,1,0,0,3
U004,6,2026-02-10,Tuesday,6,8.94,8.37,0.851,98.0,1,1,1,3
U004,6,2026-02-11,Wednesday,6,8.3,6.73,0.981,94.0,1,1,1,1
U004,6,2026-02-12,Thursday,6,10.43,7.86,0.834,81.54,1,1,1,2
U004,6,2026-02-13,Friday,6,8.68,7.02,0.989,96.71,3,1,3,3
U004,6,2026-02-14,Saturday,6,4.25,4.56,0.921,88.17,1,1,0,1
U004,6,2026-02-15,Sunday,6,4.0,4.6,1.0,84.7,1,0,0,3
U004,7,2026-02-16,Monday,7,8.64,8.07,0.836,95.49,0,1,0,3
U004,7,2026-02-17,Tuesday,7,8.8,7.54,0.754,85.22,2,2,1,2
U004,7,2026-02-18,Wednesday,7,9.04,6.32,0.638,75.99,1,1,0,2
U004,7,2026-02-19,Thursday,7,7.44,6.23,0.856,92.66,0,0,1,1
U004,7,2026-02-20,Friday,7,7.67,5.4,0.72,79.44,3,0,1,2
U004,7,2026-02-21,Saturday,7,6.52,3.88,0.571,62.11,0,0,0,2
U004,7,2026-02-22,Sunday,7,3.27,2.46,0.861,79.09,0,0,0,3
U004,8,2026-02-23,Monday,8,8.07,6.82,0.993,98.0,0,0,1,2
U004,8,2026-02-24,Tuesday,8,9.12,6.75,0.737,98.0,1,0,4,2
U004,8,2026-02-25,Wednesday,8,7.79,6.31,0.84,85.04,2,3,1,4
U004,8,2026-02-26,Thursday,8,10.65,8.33,0.792,83.49,0,0,0,3
U004,8,2026-02-27,Friday,8,11.65,9.27,0.784,89.41,0,0,1,2
U004,8,2026-02-28,Saturday,8,2.7,3.11,1.0,73.25,0,0,1,1
U004,8,2026-03-01,Sunday,8,1.81,1.98,1.0,60.22,0,0,0,2
U004,9,2026-03-02,Monday,9,11.31,8.67,0.573,91.13,1,0,2,3
U004,9,2026-03-03,Tuesday,9,10.14,9.95,0.849,91.46,1,2,1,2
U004,9,2026-03-04,Wednesday,9,9.02,6.57,0.939,91.8,3,0,2,3
U004,9,2026-03-05,Thursday,9,8.98,7.66,0.897,92.34,0,0,2,3
U004,9,2026-03-06,Friday,9,9.53,8.69,0.841,98.0,4,0,0,5
U004,9,2026-03-07,Saturday,9,4.99,4.21,0.64,51.79,0,1,0,1
U004,9,2026-03-08,Sunday,9,5.67,5.55,1.0,81.06,0,1,0,3
U004,10,2026-03-09,Monday,10,6.06,5.2,0.89,90.12,2,0,0,3
U004,10,2026-03-10,Tuesday,10,8.6,6.19,0.792,85.38,2,0,1,4
U004,10,2026-03-11,Wednesday,10,8.51,5.6,0.839,92.06,0,0,2,2
U004,10,2026-03-12,Thursday,10,10.58,8.91,0.604,70.69,1,1,1,2
U004,10,2026-03-13,Friday,10,8.04,8.43,0.953,98.0,1,0,1,4
U004,10,2026-03-14,Saturday,10,3.88,3.61,0.949,75.6,0,0,0,2
U004,10,2026-03-15,Sunday,10,1.5,1.72,1.0,66.36,2,0,1,2
U004,11,2026-03-16,Monday,11,10.14,8.31,0.793,98.0,2,1,1,3
U004,11,2026-03-17,Tuesday,11,8.26,6.63,0.773,82.71,2,0,3,3
U004,11,2026-03-18,Wednesday,11,8.87,6.74,0.991,88.91,0,0,2,1
U004,11,2026-03-19,Thursday,11,9.22,7.75,0.679,97.52,1,0,0,1
U004,11,2026-03-20,Friday,11,8.6,8.02,0.757,83.37,1,0,2,4
U004,11,2026-03-21,Saturday,11,2.24,1.63,0.731,68.7,1,0,0,2
U004,11,2026-03-22,Sunday,11,5.55,4.94,0.812,79.98,2,0,0,1
U004,12,2026-03-23,Monday,12,8.92,6.92,0.771,64.12,0,0,2,3
U004,12,2026-03-24,Tuesday,12,11.7,10.4,1.0,98.0,1,0,3,2
U004,12,2026-03-25,Wednesday,12,9.69,8.66,0.966,94.92,0,1,1,1
U004,12,2026-03-26,Thursday,12,10.35,9.71,1.0,98.0,2,0,1,3
U004,12,2026-03-27,Friday,12,8.67,7.99,1.0,96.5,1,1,2,4
U004,12,2026-03-28,Saturday,12,7.28,6.62,0.736,88.34,2,0,0,2
U004,12,2026-03-29,Sunday,12,6.5,5.61,0.857,90.64,1,0,1,1
U005,1,2026-01-05,Monday,1,7.07,7.29,0.949,97.19,2,0,0,3
U005,1,2026-01-06,Tuesday,1,7.41,6.45,0.718,75.83,2,0,1,2
U005,1,2026-01-07,Wednesday,1,9.68,7.14,0.788,89.93,2,0,0,2
U005,1,2026-01-08,Thursday,1,5.03,3.69,0.681,89.41,2,0,0,3
U005,1,2026-01-09,Friday,1,7.93,6.54,0.862,94.07,1,1,1,3
U005,1,2026-01-10,Saturday,1,4.59,5.27,0.94,89.19,1,0,1,2
U005,1,2026-01-11,Sunday,1,4.88,3.91,0.775,77.59,1,1,0,0
U005,2,2026-01-12,Monday,2,8.67,4.7,0.457,73.09,0,0,0,1
U005,2,2026-01-13,Tuesday,2,9.04,8.12,0.858,98.0,3,2,0,2
U005,2,2026-01-14,Wednesday,2,6.98,6.17,0.868,95.73,3,1,1,1
U005,2,2026-01-15,Thursday,2,10.33,8.57,0.714,98.0,2,1,1,3
U005,2,2026-01-16,Friday,2,9.16,7.66,0.632,88.99,1,0,0,2
U005,2,2026-01-17,Saturday,2,4.02,1.65,0.496,63.27,0,1,0,2
U005,2,2026-01-18,Sunday,2,2.67,3.07,1.0,87.55,2,0,1,2
U005,3,2026-01-19,Monday,3,8.83,8.02,0.777,97.43,3,0,1,4
U005,3,2026-01-20,Tuesday,3,7.68,7.35,0.829,88.64,1,0,0,2
U005,3,2026-01-21,Wednesday,3,7.85,7.64,0.944,97.33,1,3,2,3
U005,3,2026-01-22,Thursday,3,7.66,7.37,0.757,98.0,2,0,1,4
U005,3,2026-01-23,Friday,3,9.69,8.83,0.791,98.0,0,0,3,4
U005,3,2026-01-24,Saturday,3,3.36,0.5,0.25,55.67,0,0,2,0
U005,3,2026-01-25,Sunday,3,2.4,1.78,0.773,74.42,0,0,0,0
U005,4,2026-01-26,Monday,4,7.37,5.57,0.817,89.13,2,1,3,1
U005,4,2026-01-27,Tuesday,4,8.48,6.73,0.727,94.68,2,1,0,3
U005,4,2026-01-28,Wednesday,4,8.98,7.57,1.0,98.0,3,1,4,3
U005,4,2026-01-29,Thursday,4,4.26,3.05,0.654,84.86,0,0,0,2
U005,4,2026-01-30,Friday,4,5.15,4.39,0.808,85.35,2,0,1,0
U005,4,2026-01-31,Saturday,4,3.36,0.5,0.457,49.14,0,0,0,1
U005,4,2026-02-01,Sunday,4,3.44,3.74,1.0,88.3,0,0,0,0
U005,5,2026-02-02,Monday,5,8.02,6.69,0.75,89.88,4,2,0,2
U005,5,2026-02-03,Tuesday,5,8.17,6.61,0.835,88.42,1,0,0,3
U005,5,2026-02-04,Wednesday,5,7.7,7.05,0.814,93.31,1,0,2,2
U005,5,2026-02-05,Thursday,5,7.39,5.84,0.757,96.98,0,0,1,3
U005,5,2026-02-06,Friday,5,10.17,6.51,0.567,77.9,1,0,1,1
U005,5,2026-02-07,Saturday,5,2.42,1.97,0.679,77.08,0,0,0,1
U005,5,2026-02-08,Sunday,5,5.23,4.22,0.697,97.97,0,1,1,2
U005,6,2026-02-09,Monday,6,9.16,6.57,0.995,98.0,2,1,0,2
U005,6,2026-02-10,Tuesday,6,7.35,5.29,0.698,65.96,0,0,0,1
U005,6,2026-02-11,Wednesday,6,8.48,8.16,0.986,98.0,1,0,0,3
U005,6,2026-02-12,Thursday,6,7.04,5.8,0.824,93.35,0,1,1,4
U005,6,2026-02-13,Friday,6,6.15,5.99,0.948,92.74,1,1,1,3
U005,6,2026-02-14,Saturday,6,2.97,2.88,1.0,91.01,1,0,1,1
U005,6,2026-02-15,Sunday,6,5.34,4.7,0.803,80.35,1,0,0,2
U005,7,2026-02-16,Monday,7,8.11,7.87,1.0,98.0,0,0,1,2
U005,7,2026-02-17,Tuesday,7,11.59,9.67,0.819,97.79,2,0,1,2
U005,7,2026-02-18,Wednesday,7,7.73,7.77,0.96,97.63,0,1,0,2
U005,7,2026-02-19,Thursday,7,7.76,4.83,0.747,97.82,1,0,0,3
U005,7,2026-02-20,Friday,7,8.71,5.43,0.683,93.52,0,3,0,2
U005,7,2026-02-21,Saturday,7,3.69,4.24,1.0,87.65,0,0,1,2
U005,7,2026-02-22,Sunday,7,1.8,1.32,0.827,65.39,1,0,0,0
U005,8,2026-02-23,Monday,8,9.26,8.4,0.829,94.19,1,0,2,1
U005,8,2026-02-24,Tuesday,8,6.73,6.73,1.0,94.89,0,0,1,3
U005,8,2026-02-25,Wednesday,8,5.54,5.55,0.893,81.58,2,1,0,3
U005,8,2026-02-26,Thursday,8,8.44,6.24,0.712,95.6,1,1,2,3
U005,8,2026-02-27,Friday,8,7.91,5.81,0.658,71.59,0,1,3,3
U005,8,2026-02-28,Saturday,8,3.52,3.61,0.952,77.02,1,0,0,0
U005,8,2026-03-01,Sunday,8,5.8,5.61,1.0,82.49,1,0,0,2
U005,9,2026-03-02,Monday,9,7.83,8.13,1.0,98.0,2,0,1,1
U005,9,2026-03-03,Tuesday,9,6.97,8.02,0.913,94.93,2,0,0,2
U005,9,2026-03-04,Wednesday,9,6.97,5.77,0.868,98.0,2,0,1,4
U005,9,2026-03-05,Thursday,9,6.94,6.09,0.947,89.47,0,0,2,1
U005,9,2026-03-06,Friday,9,7.73,6.84,1.0,98.0,2,0,1,5
U005,9,2026-03-07,Saturday,9,4.7,4.89,1.0,82.2,0,0,1,1
U005,9,2026-03-08,Sunday,9,3.99,3.9,0.99,94.57,3,0,1,1
U005,10,2026-03-09,Monday,10,9.57,6.59,0.735,93.26,1,0,3,2
U005,10,2026-03-10,Tuesday,10,10.71,8.67,0.877,91.55,2,0,1,3
U005,10,2026-03-11,Wednesday,10,9.06,6.64,0.817,88.01,6,0,0,3
U005,10,2026-03-12,Thursday,10,7.6,6.41,0.835,81.27,1,1,1,3
U005,10,2026-03-13,Friday,10,7.47,6.36,0.951,91.9,6,0,2,3
U005,10,2026-03-14,Saturday,10,3.74,3.54,0.924,66.22,0,0,1,2
U005,10,2026-03-15,Sunday,10,3.02,3.12,1.0,71.56,0,0,0,2
U005,11,2026-03-16,Monday,11,9.43,8.25,1.0,98.0,2,0,0,3
U005,11,2026-03-17,Tuesday,11,8.45,7.29,0.797,94.54,2,0,3,1
U005,11,2026-03-18,Wednesday,11,9.39,7.41,1.0,83.96,1,1,1,3
U005,11,2026-03-19,Thursday,11,10.16,10.16,0.876,90.38,2,0,3,3
U005,11,2026-03-20,Friday,11,9.96,8.81,0.73,98.0,3,0,4,3
U005,11,2026-03-21,Saturday,11,4.08,3.5,0.843,70.7,1,0,0,1
U005,11,2026-03-22,Sunday,11,4.66,3.37,0.644,75.22,0,1,3,1
U005,12,2026-03-23,Monday,12,10.94,9.72,0.815,91.58,3,0,0,2
U005,12,2026-03-24,Tuesday,12,8.84,8.68,0.821,98.0,1,1,0,2
U005,12,2026-03-25,Wednesday,12,7.85,7.53,0.974,98.0,1,0,0,4
U005,12,2026-03-26,Thursday,12,11.25,10.8,0.882,92.74,1,2,0,3
U005,12,2026-03-27,Friday,12,9.33,8.48,0.818,90.04,1,0,0,2
U005,12,2026-03-28,Saturday,12,4.13,2.53,0.75,66.82,0,0,0,3
U005,12,2026-03-29,Sunday,12,4.85,3.99,0.783,69.61,3,0,0,2
U006,1,2026-01-05,Monday,1,8.0,6.14,0.727,98.0,0,0,1,1
U006,1,2026-01-06,Tuesday,1,9.56,6.66,0.627,98.0,2,1,2,3
U006,1,2026-01-07,Wednesday,1,7.32,5.56,0.71,78.49,1,1,0,2
U006,1,2026-01-08,Thursday,1,9.17,7.73,0.93,98.0,2,0,0,3
U006,1,2026-01-09,Friday,1,5.88,5.5,0.93,94.66,2,0,1,2
U006,1,2026-01-10,Saturday,1,3.12,2.51,0.706,79.16,1,0,1,2
U006,1,2026-01-11,Sunday,1,3.47,3.1,0.871,88.97,1,0,0,1
U006,2,2026-01-12,Monday,2,7.83,5.61,0.621,82.35,2,1,0,2
U006,2,2026-01-13,Tuesday,2,8.2,8.06,0.831,93.35,0,0,0,2
U006,2,2026-01-14,Wednesday,2,10.58,9.34,0.616,91.44,0,1,1,4
U006,2,2026-01-15,Thursday,2,7.01,4.97,0.925,97.47,1,0,0,3
U006,2,2026-01-16,Friday,2,8.12,6.23,0.725,90.75,0,1,1,2
U006,2,2026-01-17,Saturday,2,5.44,4.8,1.0,98.0,1,0,0,1
U006,2,2026-01-18,Sunday,2,5.69,4.07,0.733,87.23,0,0,2,2
U006,3,2026-01-19,Monday,3,7.09,6.42,0.687,83.56,1,0,1,2
U006,3,2026-01-20,Tuesday,3,9.32,8.37,0.803,98.0,5,0,0,4
U006,3,2026-01-21,Wednesday,3,8.62,8.3,0.736,98.0,2,0,4,2
U006,3,2026-01-22,Thursday,3,7.5,5.93,0.847,80.55,1,2,0,1
U006,3,2026-01-23,Friday,3,7.54,5.83,0.661,88.15,0,2,2,2
U006,3,2026-01-24,Saturday,3,5.56,4.74,0.612,90.71,0,0,2,1
U006,3,2026-01-25,Sunday,3,2.49,1.9,0.628,68.02,1,0,1,3
U006,4,2026-01-26,Monday,4,8.85,7.53,0.789,95.91,0,0,0,2
U006,4,2026-01-27,Tuesday,4,8.79,5.84,0.7,94.02,1,1,0,2
U006,4,2026-01-28,Wednesday,4,6.79,5.06,0.838,93.51,1,0,2,2
U006,4,2026-01-29,Thursday,4,12.92,10.83,0.934,98.0,0,0,2,2
U006,4,2026-01-30,Friday,4,10.06,8.33,0.823,92.52,2,0,2,1
U006,4,2026-01-31,Saturday,4,3.03,2.12,0.53,65.14,0,0,0,1
U006,4,2026-02-01,Sunday,4,5.54,4.73,0.689,87.74,0,1,0,2
U006,5,2026-02-02,Monday,5,8.53,8.03,0.954,96.92,2,2,2,3
U006,5,2026-02-03,Tuesday,5,8.64,8.84,1.0,96.81,1,3,1,4
U006,5,2026-02-04,Wednesday,5,9.75,8.62,0.824,98.0,1,1,2,2
U006,5,2026-02-05,Thursday,5,8.82,8.07,1.0,98.0,2,0,2,3
U006,5,2026-02-06,Friday,5,9.15,9.04,1.0,95.24,2,1,1,3
U006,5,2026-02-07,Saturday,5,3.39,2.81,0.744,60.31,2,0,0,1
U006,5,2026-02-08,Sunday,5,2.43,1.57,0.671,67.82,0,0,1,2
U006,6,2026-02-09,Monday,6,9.93,8.26,0.905,95.72,6,0,2,3
U006,6,2026-02-10,Tuesday,6,8.8,6.8,0.949,86.91,0,0,1,2
U006,6,2026-02-11,Wednesday,6,7.7,5.48,0.791,84.75,2,1,1,1
U006,6,2026-02-12,Thursday,6,9.57,8.66,1.0,98.0,2,2,4,2
U006,6,2026-02-13,Friday,6,7.27,6.44,0.879,90.69,2,0,0,3
U006,6,2026-02-14,Saturday,6,1.89,0.5,0.333,59.62,2,0,3,1
U006,6,2026-02-15,Sunday,6,5.37,4.81,0.76,86.4,2,2,1,2
U006,7,2026-02-16,Monday,7,6.81,5.35,0.759,79.97,1,0,1,4
U006,7,2026-02-17,Tuesday,7,12.3,9.87,0.945,98.0,1,0,2,1
U006,7,2026-02-18,Wednesday,7,8.58,6.96,0.64,85.79,1,1,1,3
U006,7,2026-02-19,Thursday,7,7.03,5.61,0.686,75.36,0,0,1,2
U006,7,2026-02-20,Friday,7,10.35,8.3,0.578,98.0,1,0,1,3
U006,7,2026-02-21,Saturday,7,1.5,0.5,0.333,50.91,1,0,3,0
U006,7,2026-02-22,Sunday,7,3.96,2.81,0.884,74.5,0,0,1,2
U006,8,2026-02-23,Monday,8,6.92,5.38,0.597,97.32,0,0,1,2
U006,8,2026-02-24,Tuesday,8,8.58,6.42,0.671,87.05,0,1,0,3
U006,8,2026-02-25,Wednesday,8,9.14,7.02,0.828,84.12,1,0,2,3
U006,8,2026-02-26,Thursday,8,7.45,5.84,0.741,76.91,1,1,2,1
U006,8,2026-02-27,Friday,8,9.16,7.75,0.914,98.0,1,0,1,2
U006,8,2026-02-28,Saturday,8,5.88,5.24,0.81,85.04,2,0,2,1
U006,8,2026-03-01,Sunday,8,3.23,3.04,0.949,80.85,0,0,1,1
U006,9,2026-03-02,Monday,9,6.46,6.11,1.0,96.46,0,0,2,2
U006,9,2026-03-03,Tuesday,9,8.93,6.97,0.743,96.77,1,0,3,3
U006,9,2026-03-04,Wednesday,9,9.1,9.05,1.0,98.0,3,1,0,2
U006,9,2026-03-05,Thursday,9,8.82,7.3,0.793,89.28,2,0,4,3
U006,9,2026-03-06,Friday,9,7.94,5.83,0.768,84.66,2,0,1,3
U006,9,2026-03-07,Saturday,9,2.45,0.66,0.31,53.34,0,0,1,0
U006,9,2026-03-08,Sunday,9,3.45,3.44,1.0,95.56,0,0,1,1
U006,10,2026-03-09,Monday,10,9.15,6.36,0.81,92.8,2,0,2,3
U006,10,2026-03-10,Tuesday,10,8.96,7.59,0.748,98.0,2,0,2,1
U006,10,2026-03-11,Wednesday,10,9.93,7.51,0.768,79.55,0,0,0,3
U006,10,2026-03-12,Thursday,10,9.09,7.49,0.86,89.19,0,0,1,2
U006,10,2026-03-13,Friday,10,8.01,6.59,0.884,91.99,1,0,0,3
U006,10,2026-03-14,Saturday,10,6.93,4.82,0.599,79.16,1,0,1,2
U006,10,2026-03-15,Sunday,10,4.07,3.2,0.764,67.91,1,0,2,2
U006,11,2026-03-16,Monday,11,6.51,5.47,0.777,76.7,2,0,3,4
U006,11,2026-03-17,Tuesday,11,10.77,9.75,0.827,98.0,2,0,1,3
U006,11,2026-03-18,Wednesday,11,9.15,7.85,0.737,98.0,0,0,1,1
U006,11,2026-03-19,Thursday,11,9.9,9.41,0.95,95.47,2,1,1,4
U006,11,2026-03-20,Friday,11,8.52,7.81,0.965,98.0,0,1,1,3
U006,11,2026-03-21,Saturday,11,9.64,6.78,0.874,98.0,1,0,1,0
U006,11,2026-03-22,Sunday,11,3.21,3.63,0.981,78.59,0,0,0,1
U006,12,2026-03-23,Monday,12,7.26,8.35,1.0,98.0,0,0,0,4
U006,12,2026-03-24,Tuesday,12,8.14,8.08,0.811,89.44,3,1,2,3
U006,12,2026-03-25,Wednesday,12,9.97,7.73,0.681,85.39,1,0,1,2
U006,12,2026-03-26,Thursday,12,9.71,10.08,0.833,98.0,2,0,1,3
U006,12,2026-03-27,Friday,12,7.87,6.84,0.819,85.38,0,1,1,3
U006,12,2026-03-28,Saturday,12,6.32,4.28,0.849,80.94,0,0,0,2
U006,12,2026-03-29,Sunday,12,5.85,5.03,0.825,86.62,0,0,3,2
U007,1,2026-01-05,Monday,1,7.07,5.41,0.76,89.0,2,0,1,3
U007,1,2026-01-06,Tuesday,1,10.1,6.52,0.475,88.09,3,1,0,4
U007,1,2026-01-07,Wednesday,1,6.41,5.54,0.814,98.0,0,0,0,3
U007,1,2026-01-08,Thursday,1,7.47,6.0,0.754,83.14,2,1,0,3
U007,1,2026-01-09,Friday,1,9.33,7.2,0.682,94.7,0,0,2,2
U007,1,2026-01-10,Saturday,1,3.49,3.82,0.973,93.12,1,0,0,1
U007,1,2026-01-11,Sunday,1,4.05,4.0,1.0,93.56,1,1,1,1
U007,2,2026-01-12,Monday,2,6.96,5.57,0.785,81.72,1,0,1,3
U007,2,2026-01-13,Tuesday,2,9.17,7.26,0.657,94.29,0,2,0,3
U007,2,2026-01-14,Wednesday,2,9.33,8.52,0.902,98.0,3,0,0,4
U007,2,2026-01-15,Thursday,2,10.04,8.36,1.0,98.0,2,1,1,1
U007,2,2026-01-16,Friday,2,8.71,8.27,0.897,92.89,3,0,1,2
U007,2,2026-01-17,Saturday,2,4.42,2.8,0.483,81.56,0,0,1,0
U007,2,2026-01-18,Sunday,2,3.79,3.54,0.974,88.99,0,0,1,1
U007,3,2026-01-19,Monday,3,7.94,6.66,0.848,94.01,2,0,1,2
U007,3,2026-01-20,Tuesday,3,10.25,8.21,0.752,98.0,0,0,1,3
U007,3,2026-01-21,Wednesday,3,8.78,7.15,0.786,98.0,1,0,3,2
U007,3,2026-01-22,Thursday,3,9.43,7.11,0.653,92.75,1,2,2,3
U007,3,2026-01-23,Friday,3,9.23,7.58,0.968,98.0,2,2,1,1
U007,3,2026-01-24,Saturday,3,5.08,5.42,1.0,98.0,1,0,0,1
U007,3,2026-01-25,Sunday,3,3.15,2.42,0.762,68.76,0,0,0,1
U007,4,2026-01-26,Monday,4,7.51,6.12,0.54,86.15,0,1,0,2
U007,4,2026-01-27,Tuesday,4,7.36,7.22,1.0,98.0,2,1,0,3
U007,4,2026-01-28,Wednesday,4,6.37,4.81,0.74,85.94,1,0,2,3
U007,4,2026-01-29,Thursday,4,7.84,6.64,1.0,98.0,2,0,0,2
U007,4,2026-01-30,Friday,4,10.16,7.38,0.766,98.0,1,0,1,3
U007,4,2026-01-31,Saturday,4,3.15,3.26,1.0,94.94,2,0,1,1
U007,4,2026-02-01,Sunday,4,2.05,2.36,1.0,94.96,1,0,0,2
U007,5,2026-02-02,Monday,5,9.03,6.89,0.746,98.0,1,1,0,3
U007,5,2026-02-03,Tuesday,5,6.31,5.62,0.845,92.94,2,1,3,4
U007,5,2026-02-04,Wednesday,5,9.21,6.09,0.684,98.0,0,0,0,2
U007,5,2026-02-05,Thursday,5,6.1,5.71,1.0,83.57,1,0,1,5
U007,5,2026-02-06,Friday,5,8.31,7.94,1.0,98.0,3,0,0,2
U007,5,2026-02-07,Saturday,5,3.58,3.05,0.788,83.51,1,0,1,1
U007,5,2026-02-08,Sunday,5,4.17,3.65,0.725,89.08,0,0,0,2
U007,6,2026-02-09,Monday,6,9.05,6.99,0.827,94.6,1,1,1,3
U007,6,2026-02-10,Tuesday,6,10.85,8.35,0.834,98.0,3,0,0,2
U007,6,2026-02-11,Wednesday,6,6.62,5.08,0.81,79.11,4,1,0,3
U007,6,2026-02-12,Thursday,6,9.29,7.54,0.695,98.0,0,1,0,2
U007,6,2026-02-13,Friday,6,9.79,9.33,0.976,98.0,2,1,2,2
U007,6,2026-02-14,Saturday,6,4.92,4.15,0.9,78.36,0,0,0,3
U007,6,2026-02-15,Sunday,6,3.82,2.32,0.601,80.34,0,0,1,1
U007,7,2026-02-16,Monday,7,9.9,8.8,0.825,98.0,1,0,1,3
U007,7,2026-02-17,Tuesday,7,10.0,8.24,0.92,98.0,0,0,0,2
U007,7,2026-02-18,Wednesday,7,8.94,6.75,0.752,84.05,0,0,3,3
U007,7,2026-02-19,Thursday,7,10.15,7.99,0.638,98.0,0,0,1,4
U007,7,2026-02-20,Friday,7,10.67,8.93,0.629,92.81,2,0,1,2
U007,7,2026-02-21,Saturday,7,4.73,2.9,0.551,86.82,1,0,0,2
U007,7,2026-02-22,Sunday,7,4.71,3.06,0.545,72.0,0,0,1,3
U007,8,2026-02-23,Monday,8,8.45,7.92,0.923,98.0,2,0,0,1
U007,8,2026-02-24,Tuesday,8,7.89,6.59,0.877,93.69,5,0,1,3
U007,8,2026-02-25,Wednesday,8,8.43,5.55,0.713,86.18,3,0,3,2
U007,8,2026-02-26,Thursday,8,8.2,7.15,0.963,98.0,3,0,0,4
U007,8,2026-02-27,Friday,8,7.88,6.42,0.984,98.0,0,0,1,2
U007,8,2026-02-28,Saturday,8,3.94,2.45,0.541,71.39,2,0,2,1
U007,8,2026-03-01,Sunday,8,4.21,3.97,0.83,84.3,0,0,1,1
U007,9,2026-03-02,Monday,9,8.86,6.73,0.767,97.33,3,0,1,3
U007,9,2026-03-03,Tuesday,9,9.79,6.95,0.894,98.0,0,0,4,3
U007,9,2026-03-04,Wednesday,9,6.51,4.77,0.922,98.0,2,3,2,3
U007,9,2026-03-05,Thursday,9,7.42,6.42,0.706,91.95,0,0,1,3
U007,9,2026-03-06,Friday,9,9.25,8.28,1.0,98.0,0,0,0,5
U007,9,2026-03-07,Saturday,9,4.96,4.73,0.958,92.79,0,0,3,1
U007,9,2026-03-08,Sunday,9,3.94,4.53,1.0,95.55,0,0,1,3
U007,10,2026-03-09,Monday,10,9.57,7.59,0.858,98.0,5,0,3,4
U007,10,2026-03-10,Tuesday,10,7.62,6.84,1.0,98.0,1,0,0,4
U007,10,2026-03-11,Wednesday,10,8.28,7.41,1.0,98.0,1,0,0,3
U007,10,2026-03-12,Thursday,10,9.63,8.0,0.956,98.0,1,0,1,2
U007,10,2026-03-13,Friday,10,8.69,8.84,0.858,98.0,0,0,1,3
U007,10,2026-03-14,Saturday,10,5.29,5.47,0.938,85.86,1,0,1,0
U007,10,2026-03-15,Sunday,10,3.93,4.06,0.97,68.59,0,0,2,1
U007,11,2026-03-16,Monday,11,8.99,6.8,0.74,98.0,0,0,0,2
U007,11,2026-03-17,Tuesday,11,6.54,7.02,1.0,96.29,0,0,1,3
U007,11,2026-03-18,Wednesday,11,5.69,5.12,0.856,84.37,3,0,1,2
U007,11,2026-03-19,Thursday,11,6.83,6.95,1.0,98.0,2,1,2,3
U007,11,2026-03-20,Friday,11,8.53,6.44,0.884,98.0,2,0,2,3
U007,11,2026-03-21,Saturday,11,3.03,3.34,1.0,82.23,2,0,0,2
U007,11,2026-03-22,Sunday,11,5.57,5.85,1.0,98.0,1,0,0,0
U007,12,2026-03-23,Monday,12,7.76,6.32,0.601,74.4,0,0,3,1
U007,12,2026-03-24,Tuesday,12,10.54,10.53,1.0,98.0,0,0,1,2
U007,12,2026-03-25,Wednesday,12,10.67,8.61,1.0,93.79,1,1,1,3
U007,12,2026-03-26,Thursday,12,9.15,10.3,1.0,98.0,0,0,3,3
U007,12,2026-03-27,Friday,12,10.83,9.0,0.748,98.0,1,0,0,3
U007,12,2026-03-28,Saturday,12,5.65,5.68,0.861,86.04,2,0,1,2
U007,12,2026-03-29,Sunday,12,4.39,3.18,0.804,90.43,0,0,1,1
U008,1,2026-01-05,Monday,1,7.72,6.06,0.928,95.67,3,0,0,2
U008,1,2026-01-06,Tuesday,1,8.31,4.58,0.7,89.95,2,1,1,2
U008,1,2026-01-07,Wednesday,1,7.63,3.88,0.483,63.34,1,2,1,2
U008,1,2026-01-08,Thursday,1,8.41,8.78,1.0,98.0,0,0,1,3
U008,1,2026-01-09,Friday,1,6.72,7.39,1.0,93.7,1,0,1,3
U008,1,2026-01-10,Saturday,1,3.82,3.8,0.783,67.0,1,0,1,2
U008,1,2026-01-11,Sunday,1,5.58,4.61,0.606,68.84,0,0,1,2
U008,2,2026-01-12,Monday,2,9.73,8.55,0.885,98.0,2,0,3,2
U008,2,2026-01-13,Tuesday,2,8.08,7.44,1.0,98.0,0,0,2,3
U008,2,2026-01-14,Wednesday,2,9.48,6.91,0.705,75.76,1,0,1,2
U008,2,2026-01-15,Thursday,2,9.38,6.72,0.691,79.71,1,1,0,2
U008,2,2026-01-16,Friday,2,9.85,7.47,0.592,97.47,2,1,2,3
U008,2,2026-01-17,Saturday,2,2.89,3.32,1.0,78.45,2,0,0,1
U008,2,2026-01-18,Sunday,2,2.34,1.63,0.682,65.38,0,1,0,3
U008,3,2026-01-19,Monday,3,7.63,6.15,0.787,98.0,2,0,3,3
U008,3,2026-01-20,Tuesday,3,9.28,6.99,0.771,79.88,1,0,1,2
U008,3,2026-01-21,Wednesday,3,8.0,8.05,0.958,98.0,0,0,2,4
U008,3,2026-01-22,Thursday,3,10.31,7.61,0.958,98.0,0,0,2,3
U008,3,2026-01-23,Friday,3,9.59,8.12,0.939,89.24,1,1,0,3
U008,3,2026-01-24,Saturday,3,6.46,5.82,0.89,90.5,0,0,2,1
U008,3,2026-01-25,Sunday,3,5.59,5.98,1.0,83.04,1,0,2,2
U008,4,2026-01-26,Monday,4,8.51,6.66,0.715,88.5,3,2,1,2
U008,4,2026-01-27,Tuesday,4,9.4,7.54,0.846,87.24,1,0,1,3
U008,4,2026-01-28,Wednesday,4,7.48,4.86,0.259,68.12,1,0,1,2
U008,4,2026-01-29,Thursday,4,10.98,9.43,0.906,98.0,2,0,1,3
U008,4,2026-01-30,Friday,4,9.81,8.91,0.646,95.13,0,0,0,2
U008,4,2026-01-31,Saturday,4,2.45,1.37,0.445,48.85,2,0,1,3
U008,4,2026-02-01,Sunday,4,4.34,3.78,0.943,77.32,0,2,2,0
U008,5,2026-02-02,Monday,5,8.59,7.45,0.886,81.72,1,0,2,1
U008,5,2026-02-03,Tuesday,5,9.58,7.64,0.794,88.39,2,0,3,5
U008,5,2026-02-04,Wednesday,5,8.89,7.78,0.843,97.82,1,0,2,3
U008,5,2026-02-05,Thursday,5,8.99,6.64,0.899,93.26,0,0,1,4
U008,5,2026-02-06,Friday,5,7.95,6.2,0.783,90.69,2,0,2,3
U008,5,2026-02-07,Saturday,5,5.26,5.16,0.957,97.36,0,1,2,2
U008,5,2026-02-08,Sunday,5,4.39,3.2,0.748,69.08,1,0,3,0
U008,6,2026-02-09,Monday,6,7.65,7.33,0.881,98.0,1,0,1,2
U008,6,2026-02-10,Tuesday,6,11.99,8.34,0.659,89.94,3,1,1,2
U008,6,2026-02-11,Wednesday,6,7.41,5.18,0.844,88.0,1,2,0,3
U008,6,2026-02-12,Thursday,6,11.06,9.21,0.877,91.96,2,0,1,2
U008,6,2026-02-13,Friday,6,8.43,6.63,0.703,74.54,1,0,1,0
U008,6,2026-02-14,Saturday,6,3.39,2.95,0.749,80.29,1,0,2,0
U008,6,2026-02-15,Sunday,6,6.61,6.52,1.0,88.59,0,0,0,1
U008,7,2026-02-16,Monday,7,10.56,6.95,0.82,76.3,1,0,0,3
U008,7,2026-02-17,Tuesday,7,9.77,7.81,0.705,81.43,2,1,3,3
U008,7,2026-02-18,Wednesday,7,7.63,7.09,0.722,81.29,0,0,0,3
U008,7,2026-02-19,Thursday,7,7.48,6.57,0.869,89.74,2,0,1,3
U008,7,2026-02-20,Friday,7,10.82,8.82,0.829,88.83,3,1,0,4
U008,7,2026-02-21,Saturday,7,3.84,3.71,0.856,71.11,0,0,0,1
U008,7,2026-02-22,Sunday,7,4.41,3.0,0.815,65.48,1,0,0,0
U008,8,2026-02-23,Monday,8,9.88,6.85,0.686,90.44,1,0,0,3
U008,8,2026-02-24,Tuesday,8,9.35,8.02,0.796,93.04,1,0,1,5
U008,8,2026-02-25,Wednesday,8,8.02,6.79,0.678,73.01,3,0,3,2
U008,8,2026-02-26,Thursday,8,8.25,7.98,1.0,98.0,2,0,1,4
U008,8,2026-02-27,Friday,8,8.59,7.63,0.839,82.8,3,0,0,3
U008,8,2026-02-28,Saturday,8,4.35,3.03,0.575,60.81,1,0,1,2
U008,8,2026-03-01,Sunday,8,4.05,3.8,1.0,84.88,0,0,0,2
U008,9,2026-03-02,Monday,9,9.56,8.19,0.727,90.57,1,0,2,4
U008,9,2026-03-03,Tuesday,9,6.57,5.51,0.97,95.3,3,0,1,2
U008,9,2026-03-04,Wednesday,9,6.63,4.93,0.764,80.04,1,0,3,2
U008,9,2026-03-05,Thursday,9,11.1,9.88,0.99,98.0,3,0,1,3
U008,9,2026-03-06,Friday,9,10.0,8.27,0.751,89.08,1,0,4,1
U008,9,2026-03-07,Saturday,9,4.87,4.04,0.75,79.21,1,0,1,0
U008,9,2026-03-08,Sunday,9,4.76,5.47,1.0,94.96,0,0,1,1
U008,10,2026-03-09,Monday,10,7.78,8.29,1.0,92.42,2,0,0,2
U008,10,2026-03-10,Tuesday,10,9.0,7.33,1.0,94.28,2,0,3,3
U008,10,2026-03-11,Wednesday,10,8.33,6.59,0.797,86.32,0,1,0,1
U008,10,2026-03-12,Thursday,10,8.42,5.8,0.556,79.42,1,0,2,3
U008,10,2026-03-13,Friday,10,11.17,9.94,0.599,81.88,1,0,1,3
U008,10,2026-03-14,Saturday,10,5.38,6.18,1.0,92.24,0,0,3,2
U008,10,2026-03-15,Sunday,10,5.77,4.91,0.899,75.42,0,0,3,1
U008,11,2026-03-16,Monday,11,9.79,7.55,1.0,95.82,1,0,0,4
U008,11,2026-03-17,Tuesday,11,12.22,9.43,0.561,74.34,3,0,2,2
U008,11,2026-03-18,Wednesday,11,10.52,9.02,0.979,98.0,2,0,0,3
U008,11,2026-03-19,Thursday,11,9.63,7.9,0.794,84.95,3,0,1,3
U008,11,2026-03-20,Friday,11,11.11,9.54,0.769,96.04,0,0,1,3
U008,11,2026-03-21,Saturday,11,5.31,5.25,1.0,85.56,0,0,2,2
U008,11,2026-03-22,Sunday,11,2.3,1.87,0.832,82.2,0,0,1,2
U008,12,2026-03-23,Monday,12,11.0,9.68,0.905,98.0,2,0,1,3
U008,12,2026-03-24,Tuesday,12,8.16,6.34,0.516,66.95,0,0,2,3
U008,12,2026-03-25,Wednesday,12,10.05,8.34,0.828,98.0,1,0,1,4
U008,12,2026-03-26,Thursday,12,8.55,6.92,0.754,85.01,1,1,0,5
U008,12,2026-03-27,Friday,12,10.84,8.26,0.86,93.62,0,0,4,3
U008,12,2026-03-28,Saturday,12,6.62,5.6,0.856,73.88,1,0,0,2
U008,12,2026-03-29,Sunday,12,3.18,3.66,1.0,64.32,1,0,0,2
U009,1,2026-01-05,Monday,1,8.0,6.22,0.634,93.21,2,0,4,1
U009,1,2026-01-06,Tuesday,1,6.13,5.7,0.916,88.56,2,1,0,3
U009,1,2026-01-07,Wednesday,1,9.43,7.71,0.813,93.03,2,0,1,1
U009,1,2026-01-08,Thursday,1,8.75,7.09,0.739,92.15,1,0,0,2
U009,1,2026-01-09,Friday,1,9.31,8.94,0.882,96.69,3,0,0,0
U009,1,2026-01-10,Saturday,1,4.64,4.39,1.0,75.97,0,0,1,3
U009,1,2026-01-11,Sunday,1,3.48,3.69,1.0,85.13,0,0,1,0
U009,2,2026-01-12,Monday,2,5.85,5.13,0.899,82.52,3,1,1,3
U009,2,2026-01-13,Tuesday,2,8.2,5.41,0.661,71.63,2,1,2,4
U009,2,2026-01-14,Wednesday,2,9.3,8.1,0.857,95.86,0,0,0,2
U009,2,2026-01-15,Thursday,2,6.55,3.81,0.904,85.25,1,0,0,1
U009,2,2026-01-16,Friday,2,9.71,7.59,0.947,93.9,1,0,1,3
U009,2,2026-01-17,Saturday,2,4.73,4.18,0.795,84.92,0,0,2,0
U009,2,2026-01-18,Sunday,2,5.36,3.86,0.855,71.19,0,0,1,1
U009,3,2026-01-19,Monday,3,10.32,8.01,0.811,91.27,1,0,0,3
U009,3,2026-01-20,Tuesday,3,8.26,8.2,0.825,87.45,2,0,1,3
U009,3,2026-01-21,Wednesday,3,10.22,8.83,0.697,83.72,0,4,0,5
U009,3,2026-01-22,Thursday,3,9.16,6.73,0.682,87.25,0,2,2,2
U009,3,2026-01-23,Friday,3,11.71,9.12,0.639,98.0,4,1,1,3
U009,3,2026-01-24,Saturday,3,2.67,2.06,0.759,73.23,0,0,0,2
U009,3,2026-01-25,Sunday,3,5.8,4.79,0.832,85.94,0,0,1,1
U009,4,2026-01-26,Monday,4,7.72,6.06,0.825,98.0,3,0,2,2
U009,4,2026-01-27,Tuesday,4,6.57,4.22,0.635,68.81,2,1,1,2
U009,4,2026-01-28,Wednesday,4,7.4,6.5,0.816,98.0,2,0,1,3
U009,4,2026-01-29,Thursday,4,8.69,7.35,0.78,80.39,4,0,2,1
U009,4,2026-01-30,Friday,4,9.85,7.12,0.544,88.8,3,0,2,3
U009,4,2026-01-31,Saturday,4,4.5,3.27,0.77,61.71,1,0,0,3
U009,4,2026-02-01,Sunday,4,3.06,2.25,0.949,88.61,2,0,0,1
U009,5,2026-02-02,Monday,5,7.77,5.37,0.735,76.51,1,1,1,3
U009,5,2026-02-03,Tuesday,5,9.91,7.96,0.524,90.86,1,0,2,2
U009,5,2026-02-04,Wednesday,5,8.68,6.77,0.682,96.34,3,0,1,2
U009,5,2026-02-05,Thursday,5,10.18,7.53,0.711,86.6,0,0,1,3
U009,5,2026-02-06,Friday,5,6.64,5.94,0.853,86.97,1,0,1,3
U009,5,2026-02-07,Saturday,5,4.04,3.9,1.0,80.74,2,2,3,0
U009,5,2026-02-08,Sunday,5,5.12,5.48,1.0,82.98,0,0,0,3
U009,6,2026-02-09,Monday,6,6.95,5.74,0.735,95.33,1,0,0,2
U009,6,2026-02-10,Tuesday,6,6.07,5.2,0.931,76.59,1,0,2,2
U009,6,2026-02-11,Wednesday,6,9.95,9.01,0.678,95.22,3,0,0,2
U009,6,2026-02-12,Thursday,6,7.45,7.22,0.97,98.0,1,1,4,2
U009,6,2026-02-13,Friday,6,9.17,8.58,0.746,95.05,0,0,2,2
U009,6,2026-02-14,Saturday,6,5.57,5.95,1.0,80.2,0,0,0,0
U009,6,2026-02-15,Sunday,6,3.5,1.5,0.544,67.77,0,0,1,4
U009,7,2026-02-16,Monday,7,7.66,6.38,0.628,86.42,0,0,0,1
U009,7,2026-02-17,Tuesday,7,7.74,5.51,0.579,70.16,3,0,2,3
U009,7,2026-02-18,Wednesday,7,6.84,6.35,0.929,89.35,0,0,3,3
U009,7,2026-02-19,Thursday,7,9.94,6.35,0.855,83.13,3,0,2,3
U009,7,2026-02-20,Friday,7,8.96,7.32,0.983,98.0,1,0,1,1
U009,7,2026-02-21,Saturday,7,3.89,3.77,0.862,71.63,2,0,1,1
U009,7,2026-02-22,Sunday,7,4.69,3.32,0.544,65.23,0,0,1,2
U009,8,2026-02-23,Monday,8,9.15,7.5,0.597,82.45,0,1,2,3
U009,8,2026-02-24,Tuesday,8,9.24,7.13,0.809,87.3,2,1,2,0
U009,8,2026-02-25,Wednesday,8,10.56,9.29,0.896,75.47,2,0,0,3
U009,8,2026-02-26,Thursday,8,8.69,6.82,0.739,90.18,1,0,4,1
U009,8,2026-02-27,Friday,8,7.95,8.01,1.0,98.0,1,1,1,2
U009,8,2026-02-28,Saturday,8,6.56,5.08,0.794,73.05,1,1,1,1
U009,8,2026-03-01,Sunday,8,2.52,1.23,0.457,52.83,1,1,0,3
U009,9,2026-03-02,Monday,9,9.78,7.39,0.666,83.22,2,0,1,3
U009,9,2026-03-03,Tuesday,9,10.7,10.76,0.788,98.0,3,1,0,3
U009,9,2026-03-04,Wednesday,9,6.78,6.15,1.0,98.0,4,0,1,3
U009,9,2026-03-05,Thursday,9,12.07,9.09,0.781,98.0,2,0,0,3
U009,9,2026-03-06,Friday,9,10.34,9.84,0.826,93.45,0,1,1,3
U009,9,2026-03-07,Saturday,9,5.88,6.24,1.0,98.0,0,0,1,1
U009,9,2026-03-08,Sunday,9,6.01,3.86,0.708,92.28,1,0,0,2
U009,10,2026-03-09,Monday,10,8.87,7.64,0.925,90.46,2,1,1,3
U009,10,2026-03-10,Tuesday,10,7.72,6.99,1.0,96.53,1,0,1,4
U009,10,2026-03-11,Wednesday,10,10.64,9.8,1.0,98.0,2,0,0,5
U009,10,2026-03-12,Thursday,10,9.89,8.02,0.847,83.99,1,0,3,2
U009,10,2026-03-13,Friday,10,12.25,10.35,0.685,89.0,1,0,3,3
U009,10,2026-03-14,Saturday,10,3.7,3.5,1.0,91.28,1,0,0,0
U009,10,2026-03-15,Sunday,10,3.88,3.79,0.83,74.93,1,0,0,3
U009,11,2026-03-16,Monday,11,11.73,9.5,0.737,82.3,1,0,1,3
U009,11,2026-03-17,Tuesday,11,8.74,6.77,0.855,95.4,1,0,0,2
U009,11,2026-03-18,Wednesday,11,8.5,8.77,1.0,98.0,2,0,1,2
U009,11,2026-03-19,Thursday,11,11.2,11.07,1.0,94.46,0,1,1,2
U009,11,2026-03-20,Friday,11,10.29,9.07,0.867,98.0,1,0,3,3
U009,11,2026-03-21,Saturday,11,4.36,3.92,0.88,76.64,0,0,2,2
U009,11,2026-03-22,Sunday,11,4.33,3.86,0.765,76.17,1,0,0,0
U009,12,2026-03-23,Monday,12,9.5,8.09,0.879,79.23,1,2,3,4
U009,12,2026-03-24,Tuesday,12,8.75,7.46,0.949,84.96,2,1,1,2
U009,12,2026-03-25,Wednesday,12,8.45,7.29,0.909,98.0,0,1,1,3
U009,12,2026-03-26,Thursday,12,7.12,7.71,1.0,89.96,0,0,4,2
U009,12,2026-03-27,Friday,12,6.93,6.61,0.967,85.26,3,0,0,2
U009,12,2026-03-28,Saturday,12,4.77,2.98,0.509,56.46,2,0,0,1
U009,12,2026-03-29,Sunday,12,4.36,2.94,0.921,67.55,1,0,1,0
U010,1,2026-01-05,Monday,1,6.9,5.88,1.0,98.0,0,0,3,2
U010,1,2026-01-06,Tuesday,1,8.86,6.43,0.556,84.05,1,0,3,2
U010,1,2026-01-07,Wednesday,1,8.6,6.57,0.825,98.0,2,0,2,1
U010,1,2026-01-08,Thursday,1,11.24,8.18,0.817,98.0,1,0,1,2
U010,1,2026-01-09,Friday,1,5.7,5.42,1.0,98.0,0,2,2,3
U010,1,2026-01-10,Saturday,1,2.58,2.8,1.0,79.67,2,1,0,0
U010,1,2026-01-11,Sunday,1,4.21,4.11,1.0,91.24,2,0,1,1
U010,2,2026-01-12,Monday,2,9.77,6.21,0.666,74.46,4,0,2,3
U010,2,2026-01-13,Tuesday,2,9.79,7.09,0.739,91.42,3,1,2,2
U010,2,2026-01-14,Wednesday,2,6.3,5.06,0.983,98.0,3,0,0,1
U010,2,2026-01-15,Thursday,2,8.15,7.5,0.998,98.0,2,0,2,3
U010,2,2026-01-16,Friday,2,8.75,6.31,0.646,83.66,2,0,1,2
U010,2,2026-01-17,Saturday,2,2.91,1.63,0.731,74.08,1,1,0,1
U010,2,2026-01-18,Sunday,2,3.81,3.25,1.0,92.25,1,0,0,1
U010,3,2026-01-19,Monday,3,8.36,6.45,0.675,98.0,1,1,1,4
U010,3,2026-01-20,Tuesday,3,7.75,6.07,0.595,90.51,0,0,2,3
U010,3,2026-01-21,Wednesday,3,7.63,7.08,0.927,94.46,0,0,0,4
U010,3,2026-01-22,Thursday,3,10.22,8.85,0.873,98.0,1,1,1,4
U010,3,2026-01-23,Friday,3,7.94,7.66,0.843,85.91,0,2,2,3
U010,3,2026-01-24,Saturday,3,4.18,3.62,0.799,85.39,0,0,1,0
U010,3,2026-01-25,Sunday,3,3.8,2.17,0.731,66.57,0,1,1,1
U010,4,2026-01-26,Monday,4,10.66,8.65,0.79,93.63,1,1,0,2
U010,4,2026-01-27,Tuesday,4,10.5,9.44,0.819,98.0,3,0,1,3
U010,4,2026-01-28,Wednesday,4,10.87,10.47,1.0,98.0,0,0,1,0
U010,4,2026-01-29,Thursday,4,9.01,6.77,0.877,88.88,2,2,1,3
U010,4,2026-01-30,Friday,4,8.88,5.23,0.616,93.54,2,0,2,4
U010,4,2026-01-31,Saturday,4,4.31,3.65,0.943,79.36,1,1,1,0
U010,4,2026-02-01,Sunday,4,5.36,6.17,1.0,98.0,0,0,1,0
U010,5,2026-02-02,Monday,5,7.38,4.3,0.706,83.02,0,0,0,2
U010,5,2026-02-03,Tuesday,5,6.54,4.03,0.762,77.29,1,0,1,2
U010,5,2026-02-04,Wednesday,5,9.23,8.26,0.849,98.0,1,0,0,1
U010,5,2026-02-05,Thursday,5,9.73,7.32,0.7,93.57,2,0,0,3
U010,5,2026-02-06,Friday,5,7.98,6.22,0.993,98.0,4,1,4,2
U010,5,2026-02-07,Saturday,5,5.62,5.1,0.999,87.84,2,0,0,2
U010,5,2026-02-08,Sunday,5,2.22,2.43,1.0,87.62,0,0,0,2
U010,6,2026-02-09,Monday,6,8.48,8.51,1.0,98.0,2,0,0,2
U010,6,2026-02-10,Tuesday,6,8.87,4.99,0.398,82.03,1,0,1,2
U010,6,2026-02-11,Wednesday,6,6.68,5.84,0.924,94.89,1,2,1,2
U010,6,2026-02-12,Thursday,6,7.82,6.77,0.968,98.0,2,0,2,3
U010,6,2026-02-13,Friday,6,9.63,6.49,0.664,85.26,2,1,0,3
U010,6,2026-02-14,Saturday,6,3.81,3.91,0.952,77.97,1,0,0,2
U010,6,2026-02-15,Sunday,6,4.49,4.7,1.0,91.25,1,0,0,1
U010,7,2026-02-16,Monday,7,8.27,7.63,0.612,93.02,3,2,2,4
U010,7,2026-02-17,Tuesday,7,8.57,5.23,0.725,86.14,2,1,3,1
U010,7,2026-02-18,Wednesday,7,8.5,5.96,0.614,76.38,0,0,2,4
U010,7,2026-02-19,Thursday,7,6.6,4.63,0.589,91.96,0,0,1,2
U010,7,2026-02-20,Friday,7,11.78,9.53,0.842,95.31,2,0,0,5
U010,7,2026-02-21,Saturday,7,4.7,5.12,0.97,98.0,0,0,0,1
U010,7,2026-02-22,Sunday,7,2.14,1.36,0.484,65.06,2,0,1,1
U010,8,2026-02-23,Monday,8,8.18,7.17,1.0,98.0,0,0,2,2
U010,8,2026-02-24,Tuesday,8,8.56,6.38,0.837,95.7,0,0,0,2
U010,8,2026-02-25,Wednesday,8,8.85,7.34,0.853,98.0,3,0,4,3
U010,8,2026-02-26,Thursday,8,8.87,7.0,0.791,98.0,0,0,4,1
U010,8,2026-02-27,Friday,8,8.65,7.24,0.892,92.92,0,0,0,3
U010,8,2026-02-28,Saturday,8,4.8,4.44,1.0,91.01,0,0,2,1
U010,8,2026-03-01,Sunday,8,4.68,4.47,0.781,79.09,1,0,1,2
U010,9,2026-03-02,Monday,9,6.17,5.09,0.488,72.09,1,0,3,3
U010,9,2026-03-03,Tuesday,9,9.18,9.33,0.933,98.0,1,1,1,1
U010,9,2026-03-04,Wednesday,9,6.2,5.38,0.696,80.51,1,1,0,2
U010,9,2026-03-05,Thursday,9,6.26,5.28,0.739,87.42,0,0,1,2
U010,9,2026-03-06,Friday,9,9.14,7.39,0.664,76.58,3,0,3,2
U010,9,2026-03-07,Saturday,9,3.37,3.88,1.0,82.24,0,0,0,1
U010,9,2026-03-08,Sunday,9,2.63,1.64,0.62,57.01,0,0,3,2
U010,10,2026-03-09,Monday,10,10.02,8.91,0.844,98.0,0,0,0,3
U010,10,2026-03-10,Tuesday,10,9.81,7.96,0.835,96.06,1,1,0,2
U010,10,2026-03-11,Wednesday,10,7.27,5.31,0.749,80.47,0,0,0,3
U010,10,2026-03-12,Thursday,10,9.0,7.88,0.914,98.0,0,0,1,2
U010,10,2026-03-13,Friday,10,7.03,6.96,0.793,82.59,2,1,3,3
U010,10,2026-03-14,Saturday,10,5.36,4.68,0.953,83.85,1,0,0,3
U010,10,2026-03-15,Sunday,10,2.82,3.24,0.996,74.71,1,0,2,1
U010,11,2026-03-16,Monday,11,8.1,5.87,0.643,86.63,0,0,0,3
U010,11,2026-03-17,Tuesday,11,6.49,5.63,0.878,87.67,1,0,2,2
U010,11,2026-03-18,Wednesday,11,10.03,8.06,0.793,98.0,1,0,0,3
U010,11,2026-03-19,Thursday,11,8.46,8.58,1.0,98.0,3,0,2,3
U010,11,2026-03-20,Friday,11,7.61,6.06,0.752,85.05,1,0,1,2
U010,11,2026-03-21,Saturday,11,2.38,2.74,1.0,67.63,0,0,1,1
U010,11,2026-03-22,Sunday,11,3.06,3.28,1.0,87.31,1,0,0,0
U010,12,2026-03-23,Monday,12,10.48,7.69,0.729,91.63,1,0,0,3
U010,12,2026-03-24,Tuesday,12,8.43,7.38,0.804,91.92,1,0,0,2
U010,12,2026-03-25,Wednesday,12,9.46,9.12,1.0,98.0,0,0,2,1
U010,12,2026-03-26,Thursday,12,9.71,7.59,0.874,88.04,1,0,1,2
U010,12,2026-03-27,Friday,12,8.4,7.95,0.86,98.0,0,0,1,2
U010,12,2026-03-28,Saturday,12,1.91,2.2,1.0,95.31,3,0,0,2
U010,12,2026-03-29,Sunday,12,1.5,1.45,0.941,74.98,0,0,1,2
