user_id,week,date,day_of_week,week_number
U001,1,2026-01-05,Monday,1
U001,1,2026-01-06,Tuesday,1
U001,1,2026-01-07,Wednesday,1
U001,1,2026-01-08,Thursday,1
U001,1,2026-01-09,Friday,1
U001,1,2026-01-10,Saturday,1
U001,1,2026-01-11,Sunday,1
U001,2,2026-01-12,Monday,2
U001,2,2026-01-13,Tuesday,2
U001,2,2026-01-14,Wednesday,2
U001,2,2026-01-15,Thursday,2
U001,2,2026-01-16,Friday,2
U001,2,2026-01-17,Saturday,2
U001,2,2026-01-18,Sunday,2
U001,3,2026-01-19,Monday,3
U001,3,2026-01-20,Tuesday,3
U001,3,2026-01-21,Wednesday,3
U001,3,2026-01-22,Thursday,3
U001,3,2026-01-23,Friday,3
U001,3,2026-01-24,Saturday,3
U001,3,2026-01-25,Sunday,3
U001,4,2026-01-26,Monday,4
U001,4,2026-01-27,Tuesday,4
U001,4,2026-01-28,Wednesday,4
U001,4,2026-01-29,Thursday,4
U001,4,2026-01-30,Friday,4
U001,4,2026-01-31,Saturday,4
U001,4,2026-02-01,Sunday,4
U001,5,2026-02-02,Monday,5
U001,5,2026-02-03,Tuesday,5
U001,5,2026-02-04,Wednesday,5
U001,5,2026-02-05,Thursday,5
U001,5,2026-02-06,Friday,5
U001,5,2026-02-07,Saturday,5
U001,5,2026-02-08,Sunday,5
U001,6,2026-02-09,Monday,6
U001,6,2026-02-10,Tuesday,6
U001,6,2026-02-11,Wednesday,6
U001,6,2026-02-12,Thursday,6
U001,6,2026-02-13,Friday,6
U001,6,2026-02-14,Saturday,6
U001,6,2026-02-15,Sunday,6
U001,7,2026-02-16,Monday,7
U001,7,2026-02-17,Tuesday,7
U001,7,2026-02-18,Wednesday,7
U001,7,2026-02-19,Thursday,7
U001,7,2026-02-20,Friday,7
U001,7,2026-02-21,Saturday,7
U001,7,2026-02-22,Sunday,7
U001,8,2026-02-23,Monday,8
U001,8,2026-02-24,Tuesday,8
U001,8,2026-02-25,Wednesday,8
U001,8,2026-02-26,Thursday,8
U001,8,2026-02-27,Friday,8
U001,8,2026-02-28,Saturday,8
U001,8,2026-03-01,Sunday,8
U001,9,2026-03-02,Monday,9
U001,9,2026-03-03,Tuesday,9
U001,9,2026-03-04,Wednesday,9
U001,9,2026-03-05,Thursday,9
U001,9,2026-03-06,Friday,9
U001,9,2026-03-07,Saturday,9
U001,9,2026-03-08,Sunday,9
U001,10,2026-03-09,Monday,10
U001,10,2026-03-10,Tuesday,10
U001,10,2026-03-11,Wednesday,10
U001,10,2026-03-12,Thursday,10
U001,10,2026-03-13,Friday,10
U001,10,2026-03-14,Saturday,10
U001,10,2026-03-15,Sunday,10
U001,11,2026-03-16,Monday,11
U001,11,2026-03-17,Tuesday,11
U001,11,2026-03-18,Wednesday,11
U001,11,2026-03-19,Thursday,11
U001,11,2026-03-20,Friday,11
U001,11,2026-03-21,Saturday,11
U001,11,2026-03-22,Sunday,11
U001,12,2026-03-23,Monday,12
U001,12,2026-03-24,Tuesday,12
U001,12,2026-03-25,Wednesday,12
U001,12,2026-03-26,Thursday,12
U001,12,2026-03-27,Friday,12
U001,12,2026-03-28,Saturday,12
U001,12,2026-03-29,Sunday,12
U002,1,2026-01-05,Monday,1
U002,1,2026-01-06,Tuesday,1
U002,1,2026-01-07,Wednesday,1
U002,1,2026-01-08,Thursday,1
U002,1,2026-01-09,Friday,1
U002,1,2026-01-10,Saturday,1
U002,1,2026-01-11,Sunday,1
U002,2,2026-01-12,Monday,2
U002,2,2026-01-13,Tuesday,2
U002,2,2026-01-14,Wednesday,2
U002,2,2026-01-15,Thursday,2
U002,2,2026-01-16,Friday,2
U002,2,2026-01-17,Saturday,2
U002,2,2026-01-18,Sunday,2
U002,3,2026-01-19,Monday,3
U002,3,2026-01-20,Tuesday,3
U002,3,2026-01-21,Wednesday,3
U002,3,2026-01-22,Thursday,3
U002,3,2026-01-23,Friday,3
U002,3,2026-01-24,Saturday,3
U002,3,2026-01-25,Sunday,3
U002,4,2026-01-26,Monday,4
U002,4,2026-01-27,Tuesday,4
U002,4,2026-01-28,Wednesday,4
U002,4,2026-01-29,Thursday,4
U002,4,2026-01-30,Friday,4
U002,4,2026-01-31,Saturday,4
U002,4,2026-02-01,Sunday,4
U002,5,2026-02-02,Monday,5
U002,5,2026-02-03,Tuesday,5
U002,5,2026-02-04,Wednesday,5
U002,5,2026-02-05,Thursday,5
U002,5,2026-02-06,Friday,5
U002,5,2026-02-07,Saturday,5
U002,5,2026-02-08,Sunday,5
U002,6,2026-02-09,Monday,6
U002,6,2026-02-10,Tuesday,6
U002,6,2026-02-11,Wednesday,6
U002,6,2026-02-12,Thursday,6
U002,6,2026-02-13,Friday,6
U002,6,2026-02-14,Saturday,6
U002,6,2026-02-15,Sunday,6
U002,7,2026-02-16,Monday,7
U002,7,2026-02-17,Tuesday,7
U002,7,2026-02-18,Wednesday,7
U002,7,2026-02-19,Thursday,7
U002,7,2026-02-20,Friday,7
U002,7,2026-02-21,Saturday,7
U002,7,2026-02-22,Sunday,7
U002,8,2026-02-23,Monday,8
U002,8,2026-02-24,Tuesday,8
U002,8,2026-02-25,Wednesday,8
U002,8,2026-02-26,Thursday,8
U002,8,2026-02-27,Friday,8
U002,8,2026-02-28,Saturday,8
U002,8,2026-03-01,Sunday,8
U002,9,2026-03-02,Monday,9
U002,9,2026-03-03,Tuesday,9
U002,9,2026-03-04,Wednesday,9
U002,9,2026-03-05,Thursday,9
U002,9,2026-03-06,Friday,9
U002,9,2026-03-07,Saturday,9
U002,9,2026-03-08,Sunday,9
U002,10,2026-03-09,Monday,10
U002,10,2026-03-10,Tuesday,10
U002,10,2026-03-11,Wednesday,10
U002,10,2026-03-12,Thursday,10
U002,10,2026-03-13,Friday,10
U002,10,2026-03-14,Saturday,10
U002,10,2026-03-15,Sunday,10
U002,11,2026-03-16,Monday,11
U002,11,2026-03-17,Tuesday,11
U002,11,2026-03-18,Wednesday,11
U002,11,2026-03-19,Thursday,11
U002,11,2026-03-20,Friday,11
U002,11,2026-03-21,Saturday,11
U002,11,2026-03-22,Sunday,11
U002,12,2026-03-23,Monday,12
U002,12,2026-03-24,Tuesday,12
U002,12,2026-03-25,Wednesday,12
U002,12,2026-03-26,Thursday,12
U002,12,2026-03-27,Friday,12
U002,12,2026-03-28,Saturday,12
U002,12,2026-03-29,Sunday,12
U003,1,2026-01-05,Monday,1
U003,1,2026-01-06,Tuesday,1
U003,1,2026-01-07,Wednesday,1
U003,1,2026-01-08,Thursday,1
U003,1,2026-01-09,Friday,1
U003,1,2026-01-10,Saturday,1
U003,1,2026-01-11,Sunday,1
U003,2,2026-01-12,Monday,2
U003,2,2026-01-13,Tuesday,2
U003,2,2026-01-14,Wednesday,2
U003,2,2026-01-15,Thursday,2
U003,2,2026-01-16,Friday,2
U003,2,2026-01-17,Saturday,2
U003,2,2026-01-18,Sunday,2
U003,3,2026-01-19,Monday,3
U003,3,2026-01-20,Tuesday,3
U003,3,2026-01-21,Wednesday,3
U003,3,2026-01-22,Thursday,3
U003,3,2026-01-23,Friday,3
U003,3,2026-01-24,Saturday,3
U003,3,2026-01-25,Sunday,3
U003,4,2026-01-26,Monday,4
U003,4,2026-01-27,Tuesday,4
U003,4,2026-01-28,Wednesday,4
U003,4,2026-01-29,Thursday,4
U003,4,2026-01-30,Friday,4
U003,4,2026-01-31,Saturday,4
U003,4,2026-02-01,Sunday,4
U003,5,2026-02-02,Monday,5
U003,5,2026-02-03,Tuesday,5
U003,5,2026-02-04,Wednesday,5
U003,5,2026-02-05,Thursday,5
U003,5,2026-02-06,Friday,5
U003,5,2026-02-07,Saturday,5
U003,5,2026-02-08,Sunday,5
U003,6,2026-02-09,Monday,6
U003,6,2026-02-10,Tuesday,6
U003,6,2026-02-11,Wednesday,6
U003,6,2026-02-12,Thursday,6
U003,6,2026-02-13,Friday,6
U003,6,2026-02-14,Saturday,6
U003,6,2026-02-15,Sunday,6
U003,7,2026-02-16,Monday,7
U003,7,2026-02-17,Tuesday,7
U003,7,2026-02-18,Wednesday,7
U003,7,2026-02-19,Thursday,7
U003,7,2026-02-20,Friday,7
U003,7,2026-02-21,Saturday,7
U003,7,2026-02-22,Sunday,7
U003,8,2026-02-23,Monday,8
U003,8,2026-02-24,Tuesday,8
U003,8,2026-02-25,Wednesday,8
U003,8,2026-02-26,Thursday,8
U003,8,2026-02-27,Friday,8
U003,8,2026-02-28,Saturday,8
U003,8,2026-03-01,Sunday,8
U003,9,2026-03-02,Monday,9
U003,9,2026-03-03,Tuesday,9
U003,9,2026-03-04,Wednesday,9
U003,9,2026-03-05,Thursday,9
U003,9,2026-03-06,Friday,9
U003,9,2026-03-07,Saturday,9
U003,9,2026-03-08,Sunday,9
U003,10,2026-03-09,Monday,10
U003,10,2026-03-10,Tuesday,10
U003,10,2026-03-11,Wednesday,10
U003,10,2026-03-12,Thursday,10
U003,10,2026-03-13,Friday,10
U003,10,2026-03-14,Saturday,10
U003,10,2026-03-15,Sunday,10
U003,11,2026-03-16,Monday,11
U003,11,2026-03-17,Tuesday,11
U003,11,2026-03-18,Wednesday,11
U003,11,2026-03-19,Thursday,11
U003,11,2026-03-20,Friday,11
U003,11,2026-03-21,Saturday,11
U003,11,2026-03-22,Sunday,11
U003,12,2026-03-23,Monday,12
U003,12,2026-03-24,Tuesday,12
U003,12,2026-03-25,Wednesday,12
U003,12,2026-03-26,Thursday,12
U003,12,2026-03-27,Friday,12
U003,12,2026-03-28,Saturday,12
U003,12,2026-03-29,Sunday,12
U004,1,2026-01-05,Monday,1
U004,1,2026-01-06,Tuesday,1
U004,1,2026-01-07,Wednesday,1
U004,1,2026-01-08,Thursday,1
U004,1,2026-01-09,Friday,1
U004,1,2026-01-10,Saturday,1
U004,1,2026-01-11,Sunday,1
U004,2,2026-01-12,Monday,2
U004,2,2026-01-13,Tuesday,2
U004,2,2026-01-14,Wednesday,2
U004,2,2026-01-15,Thursday,2
U004,2,2026-01-16,Friday,2
U004,2,2026-01-17,Saturday,2
U004,2,2026-01-18,Sunday,2
U004,3,2026-01-19,Monday,3
U004,3,2026-01-20,Tuesday,3
U004,3,2026-01-21,Wednesday,3
U004,3,2026-01-22,Thursday,3
U004,3,2026-01-23,Friday,3
U004,3,2026-01-24,Saturday,3
U004,3,2026-01-25,Sunday,3
U004,4,2026-01-26,Monday,4
U004,4,2026-01-27,Tuesday,4
U004,4,2026-01-28,Wednesday,4
U004,4,2026-01-29,Thursday,4
U004,4,2026-01-30,Friday,4
U004,4,2026-01-31,Saturday,4
U004,4,2026-02-01,Sunday,4
U004,5,2026-02-02,Monday,5
U004,5,2026-02-03,Tuesday,5
U004,5,2026-02-04,Wednesday,5
U004,5,2026-02-05,Thursday,5
U004,5,2026-02-06,Friday,5
U004,5,2026-02-07,Saturday,5
U004,5,2026-02-08,Sunday,5
U004,6,2026-02-09,Monday,6
U004,6,2026-02-10,Tuesday,6
U004,6,2026-02-11,Wednesday,6
U004,6,2026-02-12,Thursday,6
U004,6,2026-02-13,Friday,6
U004,6,2026-02-14,Saturday,6
U004,6,2026-02-15,Sunday,6
U004,7,2026-02-16,Monday,7
U004,7,2026-02-17,Tuesday,7
U004,7,2026-02-18,Wednesday,7
U004,7,2026-02-19,Thursday,7
U004,7,2026-02-20,Friday,7
U004,7,2026-02-21,Saturday,7
U004,7,2026-02-22,Sunday,7
U004,8,2026-02-23,Monday,8
U004,8,2026-02-24,Tuesday,8
U004,8,2026-02-25,Wednesday,8
U004,8,2026-02-26,Thursday,8
U004,8,2026-02-27,Friday,8
U004,8,2026-02-28,Saturday,8
U004,8,2026-03-01,Sunday,8
U004,9,2026-03-02,Monday,9
U004,9,2026-03-03,Tuesday,9
U004,9,2026-03-04,Wednesday,9
U004,9,2026-03-05,Thursday,9
U004,9,2026-03-06,Friday,9
U004,9,2026-03-07,Saturday,9
U004,9,2026-03-08,Sunday,9
U004,10,2026-03-09,Monday,10
U004,10,2026-03-10,Tuesday,10
U004,10,2026-03-11,Wednesday,10
U004,10,2026-03-12,Thursday,10
U004,10,2026-03-13,Friday,10
U004,10,2026-03-14,Saturday,10
U004,10,2026-03-15,Sunday,10
U004,11,2026-03-16,Monday,11
U004,11,2026-03-17,Tuesday,11
U004,11,2026-03-18,Wednesday,11
U004,11,2026-03-19,Thursday,11
U004,11,2026-03-20,Friday,11
U004,11,2026-03-21,Saturday,11
U004,11,2026-03-22,Sunday,11
U004,12,2026-03-23,Monday,12
U004,12,2026-03-24,Tuesday,12
U004,12,2026-03-25,Wednesday,12
U004,12,2026-03-26,Thursday,12
U004,12,2026-03-27,Friday,12
U004,12,2026-03-28,Saturday,12
U004,12,2026-03-29,Sunday,12
U005,1,2026-01-05,Monday,1
U005,1,2026-01-06,Tuesday,1
U005,1,2026-01-07,Wednesday,1
U005,1,2026-01-08,Thursday,1
U005,1,2026-01-09,Friday,1
U005,1,2026-01-10,Saturday,1
U005,1,2026-01-11,Sunday,1
U005,2,2026-01-12,Monday,2
U005,2,2026-01-13,Tuesday,2
U005,2,2026-01-14,Wednesday,2
U005,2,2026-01-15,Thursday,2
U005,2,2026-01-16,Friday,2
U005,2,2026-01-17,Saturday,2
U005,2,2026-01-18,Sunday,2
U005,3,2026-01-19,Monday,3
U005,3,2026-01-20,Tuesday,3
U005,3,2026-01-21,Wednesday,3
U005,3,2026-01-22,Thursday,3
U005,3,2026-01-23,Friday,3
U005,3,2026-01-24,Saturday,3
U005,3,2026-01-25,Sunday,3
U005,4,2026-01-26,Monday,4
U005,4,2026-01-27,Tuesday,4
U005,4,2026-01-28,Wednesday,4
U005,4,2026-01-29,Thursday,4
U005,4,2026-01-30,Friday,4
U005,4,2026-01-31,Saturday,4
U005,4,2026-02-01,Sunday,4
U005,5,2026-02-02,Monday,5
U005,5,2026-02-03,Tuesday,5
U005,5,2026-02-04,Wednesday,5
U005,5,2026-02-05,Thursday,5
U005,5,2026-02-06,Friday,5
U005,5,2026-02-07,Saturday,5
U005,5,2026-02-08,Sunday,5
U005,6,2026-02-09,Monday,6
U005,6,2026-02-10,Tuesday,6
U005,6,2026-02-11,Wednesday,6
U005,6,2026-02-12,Thursday,6
U005,6,2026-02-13,Friday,6
U005,6,2026-02-14,Saturday,6
U005,6,2026-02-15,Sunday,6
U005,7,2026-02-16,Monday,7
U005,7,2026-02-17,Tuesday,7
U005,7,2026-02-18,Wednesday,7
U005,7,2026-02-19,Thursday,7
U005,7,2026-02-20,Friday,7
U005,7,2026-02-21,Saturday,7
U005,7,2026-02-22,Sunday,7
U005,8,2026-02-23,Monday,8
U005,8,2026-02-24,Tuesday,8
U005,8,2026-02-25,Wednesday,8
U005,8,2026-02-26,Thursday,8
U005,8,2026-02-27,Friday,8
U005,8,2026-02-28,Saturday,8
U005,8,2026-03-01,Sunday,8
U005,9,2026-03-02,Monday,9
U005,9,2026-03-03,Tuesday,9
U005,9,2026-03-04,Wednesday,9
U005,9,2026-03-05,Thursday,9
U005,9,2026-03-06,Friday,9
U005,9,2026-03-07,Saturday,9
U005,9,2026-03-08,Sunday,9
U005,10,2026-03-09,Monday,10
U005,10,2026-03-10,Tuesday,10
U005,10,2026-03-11,Wednesday,10
U005,10,2026-03-12,Thursday,10
U005,10,2026-03-13,Friday,10
U005,10,2026-03-14,Saturday,10
U005,10,2026-03-15,Sunday,10
U005,11,2026-03-16,Monday,11
U005,11,2026-03-17,Tuesday,11
U005,11,2026-03-18,Wednesday,11
U005,11,2026-03-19,Thursday,11
U005,11,2026-03-20,Friday,11
U005,11,2026-03-21,Saturday,11
U005,11,2026-03-22,Sunday,11
U005,12,2026-03-23,Monday,12
U005,12,2026-03-24,Tuesday,12
U005,12,2026-03-25,Wednesday,12
U005,12,2026-03-26,Thursday,12
U005,12,2026-03-27,Friday,12
U005,12,2026-03-28,Saturday,12
U005,12,2026-03-29,Sunday,12
U006,1,2026-01-05,Monday,1
U006,1,2026-01-06,Tuesday,1
U006,1,2026-01-07,Wednesday,1
U006,1,2026-01-08,Thursday,1
U006,1,2026-01-09,Friday,1
U006,1,2026-01-10,Saturday,1
U006,1,2026-01-11,Sunday,1
U006,2,2026-01-12,Monday,2
U006,2,2026-01-13,Tuesday,2
U006,2,2026-01-14,Wednesday,2
U006,2,2026-01-15,Thursday,2
U006,2,2026-01-16,Friday,2
U006,2,2026-01-17,Saturday,2
U006,2,2026-01-18,Sunday,2
U006,3,2026-01-19,Monday,3
U006,3,2026-01-20,Tuesday,3
U006,3,2026-01-21,Wednesday,3
U006,3,2026-01-22,Thursday,3
U006,3,2026-01-23,Friday,3
U006,3,2026-01-24,Saturday,3
U006,3,2026-01-25,Sunday,3
U006,4,2026-01-26,Monday,4
U006,4,2026-01-27,Tuesday,4
U006,4,2026-01-28,Wednesday,4
U006,4,2026-01-29,Thursday,4
U006,4,2026-01-30,Friday,4
U006,4,2026-01-31,Saturday,4
U006,4,2026-02-01,Sunday,4
U006,5,2026-02-02,Monday,5
U006,5,2026-02-03,Tuesday,5
U006,5,2026-02-04,Wednesday,5
U006,5,2026-02-05,Thursday,5
U006,5,2026-02-06,Friday,5
U006,5,2026-02-07,Saturday,5
U006,5,2026-02-08,Sunday,5
U006,6,2026-02-09,Monday,6
U006,6,2026-02-10,Tuesday,6
U006,6,2026-02-11,Wednesday,6
U006,6,2026-02-12,Thursday,6
U006,6,2026-02-13,Friday,6
U006,6,2026-02-14,Saturday,6
U006,6,2026-02-15,Sunday,6
U006,7,2026-02-16,Monday,7
U006,7,2026-02-17,Tuesday,7
U006,7,2026-02-18,Wednesday,7
U006,7,2026-02-19,Thursday,7
U006,7,2026-02-20,Friday,7
U006,7,2026-02-21,Saturday,7
U006,7,2026-02-22,Sunday,7
U006,8,2026-02-23,Monday,8
U006,8,2026-02-24,Tuesday,8
U006,8,2026-02-25,Wednesday,8
U006,8,2026-02-26,Thursday,8
U006,8,2026-02-27,Friday,8
U006,8,2026-02-28,Saturday,8
U006,8,2026-03-01,Sunday,8
U006,9,2026-03-02,Monday,9
U006,9,2026-03-03,Tuesday,9
U006,9,2026-03-04,Wednesday,9
U006,9,2026-03-05,Thursday,9
U006,9,2026-03-06,Friday,9
U006,9,2026-03-07,Saturday,9
U006,9,2026-03-08,Sunday,9
U006,10,2026-03-09,Monday,10
U006,10,2026-03-10,Tuesday,10
U006,10,2026-03-11,Wednesday,10
U006,10,2026-03-12,Thursday,10
U006,10,2026-03-13,Friday,10
U006,10,2026-03-14,Saturday,10
U006,10,2026-03-15,Sunday,10
U006,11,2026-03-16,Monday,11
U006,11,2026-03-17,Tuesday,11
U006,11,2026-03-18,Wednesday,11
U006,11,2026-03-19,Thursday,11
U006,11,2026-03-20,Friday,11
U006,11,2026-03-21,Saturday,11
U006,11,2026-03-22,Sunday,11
U006,12,2026-03-23,Monday,12
U006,12,2026-03-24,Tuesday,12
U006,12,2026-03-25,Wednesday,12
U006,12,2026-03-26,Thursday,12
U006,12,2026-03-27,Friday,12
U006,12,2026-03-28,Saturday,12
U006,12,2026-03-29,Sunday,12
U007,1,2026-01-05,Monday,1
U007,1,2026-01-06,Tuesday,1
U007,1,2026-01-07,Wednesday,1
U007,1,2026-01-08,Thursday,1
U007,1,2026-01-09,Friday,1
U007,1,2026-01-10,Saturday,1
U007,1,2026-01-11,Sunday,1
U007,2,2026-01-12,Monday,2
U007,2,2026-01-13,Tuesday,2
U007,2,2026-01-14,Wednesday,2
U007,2,2026-01-15,Thursday,2
U007,2,2026-01-16,Friday,2
U007,2,2026-01-17,Saturday,2
U007,2,2026-01-18,Sunday,2
U007,3,2026-01-19,Monday,3
U007,3,2026-01-20,Tuesday,3
U007,3,2026-01-21,Wednesday,3
U007,3,2026-01-22,Thursday,3
U007,3,2026-01-23,Friday,3
U007,3,2026-01-24,Saturday,3
U007,3,2026-01-25,Sunday,3
U007,4,2026-01-26,Monday,4
U007,4,2026-01-27,Tuesday,4
U007,4,2026-01-28,Wednesday,4
U007,4,2026-01-29,Thursday,4
U007,4,2026-01-30,Friday,4
U007,4,2026-01-31,Saturday,4
U007,4,2026-02-01,Sunday,4
U007,5,2026-02-02,Monday,5
U007,5,2026-02-03,Tuesday,5
U007,5,2026-02-04,Wednesday,5
U007,5,2026-02-05,Thursday,5
U007,5,2026-02-06,Friday,5
U007,5,2026-02-07,Saturday,5
U007,5,2026-02-08,Sunday,5
U007,6,2026-02-09,Monday,6
U007,6,2026-02-10,Tuesday,6
U007,6,2026-02-11,Wednesday,6
U007,6,2026-02-12,Thursday,6
U007,6,2026-02-13,Friday,6
U007,6,2026-02-14,Saturday,6
U007,6,2026-02-15,Sunday,6
U007,7,2026-02-16,Monday,7
U007,7,2026-02-17,Tuesday,7
U007,7,2026-02-18,Wednesday,7
U007,7,2026-02-19,Thursday,7
U007,7,2026-02-20,Friday,7
U007,7,2026-02-21,Saturday,7
U007,7,2026-02-22,Sunday,7
U007,8,2026-02-23,Monday,8
U007,8,2026-02-24,Tuesday,8
U007,8,2026-02-25,Wednesday,8
U007,8,2026-02-26,Thursday,8
U007,8,2026-02-27,Friday,8
U007,8,2026-02-28,Saturday,8
U007,8,2026-03-01,Sunday,8
U007,9,2026-03-02,Monday,9
U007,9,2026-03-03,Tuesday,9
U007,9,2026-03-04,Wednesday,9
U007,9,2026-03-05,Thursday,9
U007,9,2026-03-06,Friday,9
U007,9,2026-03-07,Saturday,9
U007,9,2026-03-08,Sunday,9
U007,10,2026-03-09,Monday,10
U007,10,2026-03-10,Tuesday,10
U007,10,2026-03-11,Wednesday,10
U007,10,2026-03-12,Thursday,10
U007,10,2026-03-13,Friday,10
U007,10,2026-03-14,Saturday,10
U007,10,2026-03-15,Sunday,10
U007,11,2026-03-16,Monday,11
U007,11,2026-03-17,Tuesday,11
U007,11,2026-03-18,Wednesday,11
U007,11,2026-03-19,Thursday,11
U007,11,2026-03-20,Friday,11
U007,11,2026-03-21,Saturday,11
U007,11,2026-03-22,Sunday,11
U007,12,2026-03-23,Monday,12
U007,12,2026-03-24,Tuesday,12
U007,12,2026-03-25,Wednesday,12
U007,12,2026-03-26,Thursday,12
U007,12,2026-03-27,Friday,12
U007,12,2026-03-28,Saturday,12
U007,12,2026-03-29,Sunday,12
U008,1,2026-01-05,Monday,1
U008,1,2026-01-06,Tuesday,1
U008,1,2026-01-07,Wednesday,1
U008,1,2026-01-08,Thursday,1
U008,1,2026-01-09,Friday,1
U008,1,2026-01-10,Saturday,1
U008,1,2026-01-11,Sunday,1
U008,2,2026-01-12,Monday,2
U008,2,2026-01-13,Tuesday,2
U008,2,2026-01-14,Wednesday,2
U008,2,2026-01-15,Thursday,2
U008,2,2026-01-16,Friday,2
U008,2,2026-01-17,Saturday,2
U008,2,2026-01-18,Sunday,2
U008,3,2026-01-19,Monday,3
U008,3,2026-01-20,Tuesday,3
U008,3,2026-01-21,Wednesday,3
U008,3,2026-01-22,Thursday,3
U008,3,2026-01-23,Friday,3
U008,3,2026-01-24,Saturday,3
U008,3,2026-01-25,Sunday,3
U008,4,2026-01-26,Monday,4
U008,4,2026-01-27,Tuesday,4
U008,4,2026-01-28,Wednesday,4
U008,4,2026-01-29,Thursday,4
U008,4,2026-01-30,Friday,4
U008,4,2026-01-31,Saturday,4
U008,4,2026-02-01,Sunday,4
U008,5,2026-02-02,Monday,5
U008,5,2026-02-03,Tuesday,5
U008,5,2026-02-04,Wednesday,5
U008,5,2026-02-05,Thursday,5
U008,5,2026-02-06,Friday,5
U008,5,2026-02-07,Saturday,5
U008,5,2026-02-08,Sunday,5
U008,6,2026-02-09,Monday,6
U008,6,2026-02-10,Tuesday,6
U008,6,2026-02-11,Wednesday,6
U008,6,2026-02-12,Thursday,6
U008,6,2026-02-13,Friday,6
U008,6,2026-02-14,Saturday,6
U008,6,2026-02-15,Sunday,6
U008,7,2026-02-16,Monday,7
U008,7,2026-02-17,Tuesday,7
U008,7,2026-02-18,Wednesday,7
U008,7,2026-02-19,Thursday,7
U008,7,2026-02-20,Friday,7
U008,7,2026-02-21,Saturday,7
U008,7,2026-02-22,Sunday,7
U008,8,2026-02-23,Monday,8
U008,8,2026-02-24,Tuesday,8
U008,8,2026-02-25,Wednesday,8
U008,8,2026-02-26,Thursday,8
U008,8,2026-02-27,Friday,8
U008,8,2026-02-28,Saturday,8
U008,8,2026-03-01,Sunday,8
U008,9,2026-03-02,Monday,9
U008,9,2026-03-03,Tuesday,9
U008,9,2026-03-04,Wednesday,9
U008,9,2026-03-05,Thursday,9
U008,9,2026-03-06,Friday,9
U008,9,2026-03-07,Saturday,9
U008,9,2026-03-08,Sunday,9
U008,10,2026-03-09,Monday,10
U008,10,2026-03-10,Tuesday,10
U008,10,2026-03-11,Wednesday,10
U008,10,2026-03-12,Thursday,10
U008,10,2026-03-13,Friday,10
U008,10,2026-03-14,Saturday,10
U008,10,2026-03-15,Sunday,10
U008,11,2026-03-16,Monday,11
U008,11,2026-03-17,Tuesday,11
U008,11,2026-03-18,Wednesday,11
U008,11,2026-03-19,Thursday,11
U008,11,2026-03-20,Friday,11
U008,11,2026-03-21,Saturday,11
U008,11,2026-03-22,Sunday,11
U008,12,2026-03-23,Monday,12
U008,12,2026-03-24,Tuesday,12
U008,12,2026-03-25,Wednesday,12
U008,12,2026-03-26,Thursday,12
U008,12,2026-03-27,Friday,12
U008,12,2026-03-28,Saturday,12
U008,12,2026-03-29,Sunday,12
U009,1,2026-01-05,Monday,1
U009,1,2026-01-06,Tuesday,1
U009,1,2026-01-07,Wednesday,1
U009,1,2026-01-08,Thursday,1
U009,1,2026-01-09,Friday,1
U009,1,2026-01-10,Saturday,1
U009,1,2026-01-11,Sunday,1
U009,2,2026-01-12,Monday,2
U009,2,2026-01-13,Tuesday,2
U009,2,2026-01-14,Wednesday,2
U009,2,2026-01-15,Thursday,2
U009,2,2026-01-16,Friday,2
U009,2,2026-01-17,Saturday,2
U009,2,2026-01-18,Sunday,2
U009,3,2026-01-19,Monday,3
U009,3,2026-01-20,Tuesday,3
U009,3,2026-01-21,Wednesday,3
U009,3,2026-01-22,Thursday,3
U009,3,2026-01-23,Friday,3
U009,3,2026-01-24,Saturday,3
U009,3,2026-01-25,Sunday,3
U009,4,2026-01-26,Monday,4
U009,4,2026-01-27,Tuesday,4
U009,4,2026-01-28,Wednesday,4
U009,4,2026-01-29,Thursday,4
U009,4,2026-01-30,Friday,4
U009,4,2026-01-31,Saturday,4
U009,4,2026-02-01,Sunday,4
U009,5,2026-02-02,Monday,5
U009,5,2026-02-03,Tuesday,5
U009,5,2026-02-04,Wednesday,5
U009,5,2026-02-05,Thursday,5
U009,5,2026-02-06,Friday,5
U009,5,2026-02-07,Saturday,5
U009,5,2026-02-08,Sunday,5
U009,6,2026-02-09,Monday,6
U009,6,2026-02-10,Tuesday,6
U009,6,2026-02-11,Wednesday,6
U009,6,2026-02-12,Thursday,6
U009,6,2026-02-13,Friday,6
U009,6,2026-02-14,Saturday,6
U009,6,2026-02-15,Sunday,6
U009,7,2026-02-16,Monday,7
U009,7,2026-02-17,Tuesday,7
U009,7,2026-02-18,Wednesday,7
U009,7,2026-02-19,Thursday,7
U009,7,2026-02-20,Friday,7
U009,7,2026-02-21,Saturday,7
U009,7,2026-02-22,Sunday,7
U009,8,2026-02-23,Monday,8
U009,8,2026-02-24,Tuesday,8
U009,8,2026-02-25,Wednesday,8
U009,8,2026-02-26,Thursday,8
U009,8,2026-02-27,Friday,8
U009,8,2026-02-28,Saturday,8
U009,8,2026-03-01,Sunday,8
U009,9,2026-03-02,Monday,9
U009,9,2026-03-03,Tuesday,9
U009,9,2026-03-04,Wednesday,9
U009,9,2026-03-05,Thursday,9
U009,9,2026-03-06,Friday,9
U009,9,2026-03-07,Saturday,9
U009,9,2026-03-08,Sunday,9
U009,10,2026-03-09,Monday,10
U009,10,2026-03-10,Tuesday,10
U009,10,2026-03-11,Wednesday,10
U009,10,2026-03-12,Thursday,10
U009,10,2026-03-13,Friday,10
U009,10,2026-03-14,Saturday,10
U009,10,2026-03-15,Sunday,10
U009,11,2026-03-16,Monday,11
U009,11,2026-03-17,Tuesday,11
U009,11,2026-03-18,Wednesday,11
U009,11,2026-03-19,Thursday,11
U009,11,2026-03-20,Friday,11
U009,11,2026-03-21,Saturday,11
U009,11,2026-03-22,Sunday,11
U009,12,2026-03-23,Monday,12
U009,12,2026-03-24,Tuesday,12
U009,12,2026-03-25,Wednesday,12
U009,12,2026-03-26,Thursday,12
U009,12,2026-03-27,Friday,12
U009,12,2026-03-28,Saturday,12
U009,12,2026-03-29,Sunday,12
U010,1,2026-01-05,Monday,1
U010,1,2026-01-06,Tuesday,1
U010,1,2026-01-07,Wednesday,1
U010,1,2026-01-08,Thursday,1
U010,1,2026-01-09,Friday,1
U010,1,2026-01-10,Saturday,1
U010,1,2026-01-11,Sunday,1
U010,2,2026-01-12,Monday,2
U010,2,2026-01-13,Tuesday,2
U010,2,2026-01-14,Wednesday,2
U010,2,2026-01-15,Thursday,2
U010,2,2026-01-16,Friday,2
U010,2,2026-01-17,Saturday,2
U010,2,2026-01-18,Sunday,2
U010,3,2026-01-19,Monday,3
U010,3,2026-01-20,Tuesday,3
U010,3,2026-01-21,Wednesday,3
U010,3,2026-01-22,Thursday,3
U010,3,2026-01-23,Friday,3
U010,3,2026-01-24,Saturday,3
U010,3,2026-01-25,Sunday,3
U010,4,2026-01-26,Monday,4
U010,4,2026-01-27,Tuesday,4
U010,4,2026-01-28,Wednesday,4
U010,4,2026-01-29,Thursday,4
U010,4,2026-01-30,Friday,4
U010,4,2026-01-31,Saturday,4
U010,4,2026-02-01,Sunday,4
U010,5,2026-02-02,Monday,5
U010,5,2026-02-03,Tuesday,5
U010,5,2026-02-04,Wednesday,5
U010,5,2026-02-05,Thursday,5
U010,5,2026-02-06,Friday,5
U010,5,2026-02-07,Saturday,5
U010,5,2026-02-08,Sunday,5
U010,6,2026-02-09,Monday,6
U010,6,2026-02-10,Tuesday,6
U010,6,2026-02-11,Wednesday,6
U010,6,2026-02-12,Thursday,6
U010,6,2026-02-13,Friday,6
U010,6,2026-02-14,Saturday,6
U010,6,2026-02-15,Sunday,6
U010,7,2026-02-16,Monday,7
U010,7,2026-02-17,Tuesday,7
U010,7,2026-02-18,Wednesday,7
U010,7,2026-02-19,Thursday,7
U010,7,2026-02-20,Friday,7
U010,7,2026-02-21,Saturday,7
U010,7,2026-02-22,Sunday,7
U010,8,2026-02-23,Monday,8
U010,8,2026-02-24,Tuesday,8
U010,8,2026-02-25,Wednesday,8
U010,8,2026-02-26,Thursday,8
U010,8,2026-02-27,Friday,8
U010,8,2026-02-28,Saturday,8
U010,8,2026-03-01,Sunday,8
U010,9,2026-03-02,Monday,9
U010,9,2026-03-03,Tuesday,9
U010,9,2026-03-04,Wednesday,9
U010,9,2026-03-05,Thursday,9
U010,9,2026-03-06,Friday,9
U010,9,2026-03-07,Saturday,9
U010,9,2026-03-08,Sunday,9
U010,10,2026-03-09,Monday,10
U010,10,2026-03-10,Tuesday,10
U010,10,2026-03-11,Wednesday,10
U010,10,2026-03-12,Thursday,10
U010,10,2026-03-13,Friday,10
U010,10,2026-03-14,Saturday,10
U010,10,2026-03-15,Sunday,10
U010,11,2026-03-16,Monday,11
U010,11,2026-03-17,Tuesday,11
U010,11,2026-03-18,Wednesday,11
U010,11,2026-03-19,Thursday,11
U010,11,2026-03-20,Friday,11
U010,11,2026-03-21,Saturday,11
U010,11,2026-03-22,Sunday,11
U010,12,2026-03-23,Monday,12
U010,12,2026-03-24,Tuesday,12
U010,12,2026-03-25,Wednesday,12
U010,12,2026-03-26,Thursday,12
U010,12,2026-03-27,Friday,12
U010,12,2026-03-28,Saturday,12
U010,12,2026-03-29,Sunday,12
