user_id,week,date,day_of_week,week_number,tasks_planned,tasks_completed,tasks_pending,productive_hours,work_hours,focus_hours,distraction_hours,task_completion_rate,productivity_score,deep_work_sessions
U001,1,2026-01-05,Monday,1,6,3,3,1.97,3.84,1.34,2.15,50.0,53.92,1
U001,1,2026-01-06,Tuesday,1,7,4,3,4.71,6.62,2.74,2.5,57.14,65.16,2
U001,1,2026-01-07,Wednesday,1,7,3,4,3.58,5.5,1.91,2.39,42.86,53.07,1
U001,1,2026-01-08,Thursday,1,5,4,1,4.58,6.8,3.24,2.46,80.0,70.97,3
U001,1,2026-01-09,Friday,1,6,5,1,3.41,4.66,2.37,1.35,83.33,78.87,1
U001,1,2026-01-10,Saturday,1,2,0,2,1.84,2.8,1.55,0.99,0.0,30.34,1
U001,1,2026-01-11,Sunday,1,2,1,1,1.41,2.32,0.78,1.03,50.0,46.1,1
U001,2,2026-01-12,Monday,2,6,5,1,4.62,7.19,2.67,2.82,83.33,79.75,2
U001,2,2026-01-13,Tuesday,2,6,4,2,4.93,8.58,2.74,3.57,66.67,57.42,2
U001,2,2026-01-14,Wednesday,2,7,5,2,3.27,6.02,2.47,2.91,71.43,65.93,3
U001,2,2026-01-15,Thursday,2,8,6,2,4.48,7.29,3.01,3.23,75.0,66.39,2
U001,2,2026-01-16,Friday,2,6,4,2,4.58,7.66,2.92,3.28,66.67,61.87,2
U001,2,2026-01-17,Saturday,2,2,1,1,1.61,2.92,1.02,2.02,50.0,56.13,1
U001,2,2026-01-18,Sunday,2,3,1,2,0.86,1.38,0.67,0.8,33.33,49.34,0
U001,3,2026-01-19,Monday,3,6,3,3,5.46,8.42,3.56,2.76,50.0,64.34,3
U001,3,2026-01-20,Tuesday,3,6,4,2,3.58,7.54,2.48,4.16,66.67,54.83,3
U001,3,2026-01-21,Wednesday,3,7,6,1,2.74,4.3,1.95,1.43,85.71,71.13,2
U001,3,2026-01-22,Thursday,3,7,4,3,4.66,8.4,2.9,4.2,57.14,57.83,2
U001,3,2026-01-23,Friday,3,6,4,2,4.78,7.82,2.93,2.97,66.67,65.22,3
U001,3,2026-01-24,Saturday,3,1,0,1,0.46,0.99,0.35,0.12,0.0,19.61,1
U001,3,2026-01-25,Sunday,3,6,5,1,1.32,2.66,0.8,2.14,83.33,60.94,1
U001,4,2026-01-26,Monday,4,6,4,2,4.69,8.82,4.02,4.37,66.67,71.62,3
U001,4,2026-01-27,Tuesday,4,5,3,2,5.08,8.99,4.26,4.06,60.0,61.02,4
U001,4,2026-01-28,Wednesday,4,6,4,2,4.93,8.89,4.13,4.14,66.67,60.28,2
U001,4,2026-01-29,Thursday,4,6,3,3,3.8,6.99,2.6,3.69,50.0,55.41,2
U001,4,2026-01-30,Friday,4,7,3,4,5.68,9.28,3.89,3.69,42.86,56.56,3
U001,4,2026-01-31,Saturday,4,2,1,1,0.46,0.81,0.25,0.73,50.0,46.84,0
U001,4,2026-02-01,Sunday,4,2,1,1,1.79,3.23,1.23,0.98,50.0,52.72,1
U001,5,2026-02-02,Monday,5,4,3,1,7.18,10.21,5.62,3.21,75.0,81.6,4
U001,5,2026-02-03,Tuesday,5,4,3,1,4.21,7.28,2.94,3.33,75.0,62.85,3
U001,5,2026-02-04,Wednesday,5,7,5,2,3.97,6.46,3.19,3.03,71.43,71.06,3
U001,5,2026-02-05,Thursday,5,6,4,2,5.38,8.03,3.41,2.85,66.67,71.21,3
U001,5,2026-02-06,Friday,5,10,8,2,5.26,7.91,3.97,2.89,80.0,75.05,4
U001,5,2026-02-07,Saturday,5,3,2,1,1.69,3.2,1.28,1.84,66.67,57.55,1
U001,5,2026-02-08,Sunday,5,3,2,1,2.16,3.64,1.49,1.88,66.67,64.47,2
U001,6,2026-02-09,Monday,6,8,5,3,3.16,5.91,1.79,3.44,62.5,58.1,2
U001,6,2026-02-10,Tuesday,6,9,7,2,6.79,8.35,4.71,1.87,77.78,75.15,4
U001,6,2026-02-11,Wednesday,6,8,5,3,5.67,9.33,4.06,3.72,62.5,63.35,4
U001,6,2026-02-12,Thursday,6,6,4,2,4.26,7.02,2.61,3.04,66.67,68.33,2
U001,6,2026-02-13,Friday,6,2,2,0,4.14,6.68,2.4,2.98,100.0,80.81,2
U001,6,2026-02-14,Saturday,6,5,4,1,1.98,3.39,1.32,1.84,80.0,73.76,2
U001,6,2026-02-15,Sunday,6,4,3,1,1.91,2.8,1.57,0.83,75.0,70.13,1
U001,7,2026-02-16,Monday,7,5,4,1,5.14,9.58,3.77,5.23,80.0,65.56,3
U001,7,2026-02-17,Tuesday,7,6,5,1,3.66,5.93,2.22,2.89,83.33,73.92,1
U001,7,2026-02-18,Wednesday,7,7,5,2,4.0,6.32,2.92,2.43,71.43,63.07,3
U001,7,2026-02-19,Thursday,7,7,5,2,4.69,7.61,3.17,3.05,71.43,62.98,2
U001,7,2026-02-20,Friday,7,8,4,4,2.73,4.42,1.76,2.12,50.0,56.7,1
U001,7,2026-02-21,Saturday,7,1,0,1,1.32,2.2,0.85,0.8,0.0,35.1,1
U001,7,2026-02-22,Sunday,7,3,1,2,2.6,3.82,1.85,1.64,33.33,45.57,1
U001,8,2026-02-23,Monday,8,8,7,1,3.38,5.89,2.07,2.74,87.5,67.13,1
U001,8,2026-02-24,Tuesday,8,7,4,3,5.6,8.83,3.9,3.68,57.14,66.78,3
U001,8,2026-02-25,Wednesday,8,5,3,2,3.11,6.0,2.31,3.11,60.0,66.77,3
U001,8,2026-02-26,Thursday,8,6,4,2,4.28,8.08,2.82,4.23,66.67,63.33,3
U001,8,2026-02-27,Friday,8,6,3,3,5.75,8.35,4.05,2.76,50.0,60.97,4
U001,8,2026-02-28,Saturday,8,3,1,2,1.36,2.66,0.94,1.63,33.33,45.17,0
U001,8,2026-03-01,Sunday,8,3,3,0,0.83,1.52,0.5,1.22,100.0,67.55,0
U001,9,2026-03-02,Monday,9,5,4,1,4.59,7.89,3.17,3.53,80.0,70.4,3
U001,9,2026-03-03,Tuesday,9,5,3,2,4.28,7.48,2.89,3.37,60.0,63.95,2
U001,9,2026-03-04,Wednesday,9,7,6,1,3.43,6.02,2.69,2.53,85.71,69.64,3
U001,9,2026-03-05,Thursday,9,9,6,3,4.11,6.56,2.68,1.97,66.67,69.94,2
U001,9,2026-03-06,Friday,9,9,8,1,5.55,8.9,4.0,3.6,88.89,76.79,4
U001,9,2026-03-07,Saturday,9,4,3,1,1.59,2.63,1.03,0.87,75.0,60.73,2
U001,9,2026-03-08,Sunday,9,2,2,0,2.43,4.4,1.68,2.19,100.0,77.27,1
U001,10,2026-03-09,Monday,10,6,4,2,3.8,6.41,2.84,2.53,66.67,67.24,2
U001,10,2026-03-10,Tuesday,10,8,6,2,3.68,5.51,2.09,2.24,75.0,58.53,1
U001,10,2026-03-11,Wednesday,10,7,7,0,4.65,6.66,2.78,1.8,100.0,78.09,2
U001,10,2026-03-12,Thursday,10,8,7,1,3.53,6.82,2.57,3.26,87.5,64.05,2
U001,10,2026-03-13,Friday,10,8,6,2,4.3,7.66,2.71,3.74,75.0,65.24,2
U001,10,2026-03-14,Saturday,10,7,5,2,2.15,4.23,1.53,2.19,71.43,41.07,1
U001,10,2026-03-15,Sunday,10,1,0,1,4.52,6.87,2.54,3.31,0.0,31.53,1
U001,11,2026-03-16,Monday,11,9,6,3,4.1,6.22,2.47,2.73,66.67,57.15,2
U001,11,2026-03-17,Tuesday,11,6,5,1,5.42,10.14,3.34,4.79,83.33,72.21,3
U001,11,2026-03-18,Wednesday,11,7,5,2,5.03,7.9,3.37,3.31,71.43,65.35,3
U001,11,2026-03-19,Thursday,11,9,6,3,5.67,10.32,4.09,4.63,66.67,66.86,3
U001,11,2026-03-20,Friday,11,7,6,1,3.0,5.12,1.64,2.17,85.71,69.48,1
U001,11,2026-03-21,Saturday,11,3,2,1,2.16,3.22,1.37,0.96,66.67,52.64,1
U001,11,2026-03-22,Sunday,11,3,0,3,2.9,4.29,1.94,1.53,0.0,34.57,2
U001,12,2026-03-23,Monday,12,7,4,3,2.77,5.03,1.9,2.79,57.14,45.12,2
U001,12,2026-03-24,Tuesday,12,5,5,0,3.62,7.45,1.98,4.21,100.0,66.38,1
U001,12,2026-03-25,Wednesday,12,5,4,1,4.68,7.36,2.56,2.66,80.0,69.12,2
U001,12,2026-03-26,Thursday,12,7,6,1,5.31,8.86,2.66,3.77,85.71,75.72,3
U001,12,2026-03-27,Friday,12,6,6,0,5.38,7.57,3.4,2.52,100.0,85.79,3
U001,12,2026-03-28,Saturday,12,3,2,1,0.9,1.37,0.56,0.87,66.67,55.84,1
U001,12,2026-03-29,Sunday,12,3,3,0,0.97,1.5,0.67,0.9,100.0,69.76,1
U002,1,2026-01-05,Monday,1,8,4,4,4.31,7.72,3.0,3.94,50.0,55.14,2
U002,1,2026-01-06,Tuesday,1,6,3,3,3.45,6.58,2.35,3.49,50.0,48.55,2
U002,1,2026-01-07,Wednesday,1,5,3,2,5.23,9.72,3.93,4.97,60.0,62.33,4
U002,1,2026-01-08,Thursday,1,6,5,1,6.52,10.33,4.45,4.14,83.33,74.53,3
U002,1,2026-01-09,Friday,1,4,3,1,4.84,7.65,3.15,3.5,75.0,75.09,2
U002,1,2026-01-10,Saturday,1,3,2,1,1.71,2.96,1.32,1.94,66.67,58.45,1
U002,1,2026-01-11,Sunday,1,3,2,1,1.39,2.17,0.95,1.62,66.67,51.7,1
U002,2,2026-01-12,Monday,2,3,2,1,5.2,8.7,4.28,3.59,66.67,75.72,3
U002,2,2026-01-13,Tuesday,2,11,9,2,4.32,7.06,2.82,2.35,81.82,64.68,3
U002,2,2026-01-14,Wednesday,2,5,3,2,4.6,6.87,3.48,2.77,60.0,64.79,2
U002,2,2026-01-15,Thursday,2,7,3,4,4.52,7.49,3.32,2.91,42.86,58.46,3
U002,2,2026-01-16,Friday,2,7,3,4,3.1,5.94,1.93,2.7,42.86,58.28,1
U002,2,2026-01-17,Saturday,2,3,2,1,2.57,3.99,1.97,1.87,66.67,56.79,2
U002,2,2026-01-18,Sunday,2,1,1,0,1.71,2.55,0.99,0.73,100.0,70.18,0
U002,3,2026-01-19,Monday,3,6,3,3,4.84,7.34,3.47,2.35,50.0,60.51,2
U002,3,2026-01-20,Tuesday,3,6,4,2,4.14,5.84,2.9,2.35,66.67,62.13,2
U002,3,2026-01-21,Wednesday,3,4,4,0,3.64,7.03,2.2,3.46,100.0,77.93,2
U002,3,2026-01-22,Thursday,3,8,3,5,2.99,6.87,1.8,4.62,37.5,43.82,1
U002,3,2026-01-23,Friday,3,5,4,1,4.29,8.74,2.65,4.83,80.0,61.88,2
U002,3,2026-01-24,Saturday,3,3,3,0,0.55,0.8,0.32,0.44,100.0,63.12,0
U002,3,2026-01-25,Sunday,3,4,3,1,1.85,3.17,1.12,1.67,75.0,62.69,2
U002,4,2026-01-26,Monday,4,4,1,3,4.58,7.22,3.54,2.51,25.0,43.34,3
U002,4,2026-01-27,Tuesday,4,7,6,1,4.02,6.86,2.66,2.68,85.71,72.99,2
U002,4,2026-01-28,Wednesday,4,4,2,2,4.29,7.78,3.17,3.7,50.0,55.71,2
U002,4,2026-01-29,Thursday,4,10,7,3,3.96,6.2,2.64,2.38,70.0,72.08,3
U002,4,2026-01-30,Friday,4,8,6,2,5.95,8.6,4.22,2.56,75.0,74.49,4
U002,4,2026-01-31,Saturday,4,3,2,1,1.49,2.25,0.98,0.63,66.67,57.72,1
U002,4,2026-02-01,Sunday,4,3,1,2,1.35,2.46,0.84,1.59,33.33,33.97,1
U002,5,2026-02-02,Monday,5,6,4,2,4.54,7.4,3.39,2.98,66.67,70.61,2
U002,5,2026-02-03,Tuesday,5,5,4,1,5.23,7.93,3.12,3.13,80.0,80.58,3
U002,5,2026-02-04,Wednesday,5,7,5,2,4.52,7.86,2.83,4.09,71.43,63.45,2
U002,5,2026-02-05,Thursday,5,6,4,2,5.66,9.02,3.65,3.28,66.67,77.3,3
U002,5,2026-02-06,Friday,5,9,7,2,3.28,5.69,2.16,2.9,77.78,77.36,1
U002,5,2026-02-07,Saturday,5,5,3,2,0.93,1.46,0.62,0.86,60.0,53.5,1
U002,5,2026-02-08,Sunday,5,2,1,1,1.65,2.43,1.12,0.99,50.0,53.22,0
U002,6,2026-02-09,Monday,6,7,6,1,4.68,7.71,3.44,3.5,85.71,69.8,3
U002,6,2026-02-10,Tuesday,6,5,3,2,8.32,11.41,4.99,3.19,60.0,70.47,4
U002,6,2026-02-11,Wednesday,6,6,6,0,4.9,7.53,3.35,3.02,100.0,81.43,4
U002,6,2026-02-12,Thursday,6,7,6,1,4.02,7.4,3.0,3.95,85.71,65.26,3
U002,6,2026-02-13,Friday,6,6,4,2,4.36,7.04,2.93,2.79,66.67,66.61,2
U002,6,2026-02-14,Saturday,6,1,0,1,1.18,2.79,0.72,1.69,0.0,17.36,1
U002,6,2026-02-15,Sunday,6,3,1,2,1.28,2.16,0.96,0.73,33.33,34.47,1
U002,7,2026-02-16,Monday,7,6,5,1,5.16,8.54,4.03,4.03,83.33,82.3,4
U002,7,2026-02-17,Tuesday,7,3,2,1,2.25,3.71,1.49,1.54,66.67,51.16,0
U002,7,2026-02-18,Wednesday,7,6,4,2,2.31,4.97,1.33,3.29,66.67,58.41,2
U002,7,2026-02-19,Thursday,7,6,4,2,6.39,9.32,3.93,2.93,66.67,65.85,4
U002,7,2026-02-20,Friday,7,9,5,4,3.59,8.69,2.14,6.06,55.56,41.09,1
U002,7,2026-02-21,Saturday,7,2,1,1,0.78,1.62,0.47,1.16,50.0,44.35,1
U002,7,2026-02-22,Sunday,7,3,2,1,1.87,3.25,1.3,1.54,66.67,60.85,2
U002,8,2026-02-23,Monday,8,7,6,1,4.21,8.55,3.04,4.44,85.71,75.04,2
U002,8,2026-02-24,Tuesday,8,6,4,2,3.87,6.93,2.48,2.57,66.67,64.4,2
U002,8,2026-02-25,Wednesday,8,11,9,2,5.18,8.4,3.7,3.46,81.82,80.24,3
U002,8,2026-02-26,Thursday,8,7,4,3,3.74,6.12,2.8,2.48,57.14,64.34,2
U002,8,2026-02-27,Friday,8,7,5,2,5.59,8.2,4.16,3.18,71.43,78.47,4
U002,8,2026-02-28,Saturday,8,3,1,2,2.04,2.84,1.37,0.82,33.33,41.78,1
U002,8,2026-03-01,Sunday,8,4,2,2,1.16,1.87,0.85,0.95,50.0,55.23,0
U002,9,2026-03-02,Monday,9,3,3,0,4.47,6.78,3.02,3.08,100.0,75.52,2
U002,9,2026-03-03,Tuesday,9,6,4,2,5.82,9.01,3.68,3.55,66.67,65.81,2
U002,9,2026-03-04,Wednesday,9,7,4,3,3.54,5.78,2.09,2.56,57.14,51.86,1
U002,9,2026-03-05,Thursday,9,8,7,1,4.15,6.63,1.96,2.48,87.5,65.68,1
U002,9,2026-03-06,Friday,9,8,8,0,5.04,7.56,2.55,2.32,100.0,75.33,1
U002,9,2026-03-07,Saturday,9,3,2,1,1.08,1.91,0.82,1.56,66.67,60.64,1
U002,9,2026-03-08,Sunday,9,1,1,0,2.32,3.83,1.39,2.14,100.0,77.23,2
U002,10,2026-03-09,Monday,10,9,6,3,5.2,7.93,3.84,3.1,66.67,66.19,4
U002,10,2026-03-10,Tuesday,10,5,2,3,4.71,6.6,2.96,2.37,40.0,50.84,2
U002,10,2026-03-11,Wednesday,10,8,6,2,2.83,6.2,1.77,3.21,75.0,63.97,3
U002,10,2026-03-12,Thursday,10,9,5,4,3.54,6.09,2.09,2.91,55.56,56.64,2
U002,10,2026-03-13,Friday,10,5,3,2,2.98,5.42,2.36,3.15,60.0,59.32,2
U002,10,2026-03-14,Saturday,10,3,1,2,1.24,2.06,0.8,0.75,33.33,33.27,0
U002,10,2026-03-15,Sunday,10,6,5,1,3.75,6.62,1.98,3.08,83.33,71.73,2
U002,11,2026-03-16,Monday,11,4,3,1,6.17,9.13,3.56,3.07,75.0,70.05,2
U002,11,2026-03-17,Tuesday,11,7,6,1,5.98,8.66,4.61,2.84,85.71,71.05,4
U002,11,2026-03-18,Wednesday,11,6,5,1,3.59,5.47,2.16,2.46,83.33,72.95,2
U002,11,2026-03-19,Thursday,11,6,5,1,4.06,6.67,3.01,2.64,83.33,68.22,1
U002,11,2026-03-20,Friday,11,7,5,2,4.48,7.87,2.72,3.86,71.43,62.52,2
U002,11,2026-03-21,Saturday,11,1,0,1,1.1,1.93,0.56,1.08,0.0,29.17,0
U002,11,2026-03-22,Sunday,11,2,2,0,2.14,2.86,1.46,1.05,100.0,74.27,1
U002,12,2026-03-23,Monday,12,5,3,2,4.59,6.87,3.19,2.46,60.0,60.24,2
U002,12,2026-03-24,Tuesday,12,9,7,2,3.09,5.62,2.25,2.87,77.78,58.04,1
U002,12,2026-03-25,Wednesday,12,7,5,2,5.03,7.72,3.42,2.6,71.43,65.4,3
U002,12,2026-03-26,Thursday,12,7,6,1,5.1,8.39,3.28,3.22,85.71,74.32,3
U002,12,2026-03-27,Friday,12,10,8,2,7.22,10.42,4.7,3.76,80.0,77.84,4
U002,12,2026-03-28,Saturday,12,4,4,0,0.39,0.6,0.28,0.38,100.0,71.35,0
U002,12,2026-03-29,Sunday,12,3,3,0,1.92,3.25,1.22,1.67,100.0,76.97,0
U003,1,2026-01-05,Monday,1,6,4,2,3.97,6.0,2.28,2.46,66.67,64.35,2
U003,1,2026-01-06,Tuesday,1,7,4,3,4.13,6.11,2.4,2.85,57.14,46.44,3
U003,1,2026-01-07,Wednesday,1,6,4,2,5.91,9.97,4.9,4.17,66.67,63.31,4
U003,1,2026-01-08,Thursday,1,8,5,3,3.92,5.8,2.47,2.26,62.5,65.65,2
U003,1,2026-01-09,Friday,1,7,7,0,2.35,5.03,1.75,2.86,100.0,72.49,2
U003,1,2026-01-10,Saturday,1,3,1,2,0.61,1.34,0.39,1.26,33.33,28.13,0
U003,1,2026-01-11,Sunday,1,3,2,1,2.48,3.73,0.94,1.12,66.67,51.69,0
U003,2,2026-01-12,Monday,2,8,6,2,5.4,8.16,3.01,3.17,75.0,64.31,3
U003,2,2026-01-13,Tuesday,2,7,5,2,4.13,6.89,2.55,2.86,71.43,64.67,1
U003,2,2026-01-14,Wednesday,2,7,3,4,6.1,10.69,4.27,4.68,42.86,65.62,3
U003,2,2026-01-15,Thursday,2,4,1,3,4.39,7.74,2.73,3.61,25.0,38.47,2
U003,2,2026-01-16,Friday,2,5,1,4,3.12,6.48,2.09,3.24,20.0,35.7,2
U003,2,2026-01-17,Saturday,2,2,1,1,1.59,3.31,1.12,2.33,50.0,47.44,2
U003,2,2026-01-18,Sunday,2,4,4,0,1.64,2.98,1.04,1.12,100.0,71.45,1
U003,3,2026-01-19,Monday,3,5,5,0,4.71,8.01,3.64,3.56,100.0,84.81,3
U003,3,2026-01-20,Tuesday,3,5,5,0,4.4,8.19,3.18,4.1,100.0,79.22,2
U003,3,2026-01-21,Wednesday,3,9,7,2,3.78,7.76,2.61,3.91,77.78,66.09,2
U003,3,2026-01-22,Thursday,3,6,5,1,2.85,5.12,1.84,2.81,83.33,69.02,0
U003,3,2026-01-23,Friday,3,7,5,2,4.11,7.37,2.85,2.76,71.43,74.99,3
U003,3,2026-01-24,Saturday,3,2,2,0,0.86,1.68,0.58,0.63,100.0,79.54,1
U003,3,2026-01-25,Sunday,3,3,2,1,1.49,2.67,1.02,1.47,66.67,61.94,1
U003,4,2026-01-26,Monday,4,8,6,2,5.34,8.52,4.04,3.68,75.0,80.04,4
U003,4,2026-01-27,Tuesday,4,7,4,3,4.22,7.19,2.93,3.66,57.14,55.09,2
U003,4,2026-01-28,Wednesday,4,3,2,1,4.37,7.75,2.8,3.76,66.67,65.69,3
U003,4,2026-01-29,Thursday,4,7,5,2,5.79,9.12,4.03,3.25,71.43,66.03,3
U003,4,2026-01-30,Friday,4,8,4,4,2.46,5.46,1.64,2.86,50.0,48.69,1
U003,4,2026-01-31,Saturday,4,2,1,1,1.47,2.43,0.9,1.41,50.0,40.24,0
U003,4,2026-02-01,Sunday,4,1,0,1,0.64,1.03,0.34,0.42,0.0,23.62,1
U003,5,2026-02-02,Monday,5,6,5,1,3.94,5.87,2.29,1.96,83.33,77.25,2
U003,5,2026-02-03,Tuesday,5,6,3,3,5.44,9.04,3.92,4.52,50.0,58.72,3
U003,5,2026-02-04,Wednesday,5,7,5,2,5.01,7.88,2.86,2.87,71.43,71.06,3
U003,5,2026-02-05,Thursday,5,5,3,2,3.22,7.94,2.26,5.1,60.0,58.18,3
U003,5,2026-02-06,Friday,5,5,4,1,4.61,8.05,3.69,3.81,80.0,71.54,3
U003,5,2026-02-07,Saturday,5,5,3,2,2.05,2.78,1.42,1.41,60.0,53.62,0
U003,5,2026-02-08,Sunday,5,2,2,0,1.81,3.03,1.21,1.17,100.0,76.06,1
U003,6,2026-02-09,Monday,6,5,3,2,4.43,6.85,2.56,3.01,60.0,54.1,2
U003,6,2026-02-10,Tuesday,6,5,3,2,6.18,8.62,4.06,2.65,60.0,72.42,3
U003,6,2026-02-11,Wednesday,6,6,4,2,4.62,7.74,3.55,3.36,66.67,70.01,4
U003,6,2026-02-12,Thursday,6,6,4,2,2.86,5.51,1.85,3.02,66.67,68.48,1
U003,6,2026-02-13,Friday,6,6,3,3,3.73,6.97,2.68,3.45,50.0,63.04,2
U003,6,2026-02-14,Saturday,6,2,1,1,1.41,2.79,0.92,2.08,50.0,42.97,0
U003,6,2026-02-15,Sunday,6,5,4,1,1.09,1.94,0.83,0.8,80.0,58.67,0
U003,7,2026-02-16,Monday,7,9,9,0,3.63,7.36,2.62,4.3,100.0,81.12,3
U003,7,2026-02-17,Tuesday,7,7,4,3,4.79,7.36,2.82,3.22,57.14,67.23,3
U003,7,2026-02-18,Wednesday,7,6,5,1,4.61,7.81,3.11,3.65,83.33,77.46,3
U003,7,2026-02-19,Thursday,7,8,6,2,1.95,5.11,1.67,3.53,75.0,58.84,1
U003,7,2026-02-20,Friday,7,5,4,1,6.32,9.8,3.49,3.44,80.0,88.78,4
U003,7,2026-02-21,Saturday,7,5,4,1,1.89,3.79,1.3,1.78,80.0,64.97,2
U003,7,2026-02-22,Sunday,7,4,2,2,3.18,5.19,2.04,2.55,50.0,47.05,2
U003,8,2026-02-23,Monday,8,8,5,3,2.93,5.48,1.76,3.03,62.5,56.27,2
U003,8,2026-02-24,Tuesday,8,7,6,1,5.43,8.47,2.9,3.45,85.71,82.68,3
U003,8,2026-02-25,Wednesday,8,8,7,1,5.91,9.21,3.6,3.44,87.5,79.85,3
U003,8,2026-02-26,Thursday,8,7,6,1,4.85,7.26,3.49,2.16,85.71,73.85,4
U003,8,2026-02-27,Friday,8,5,3,2,3.41,5.9,2.25,2.44,60.0,54.51,2
U003,8,2026-02-28,Saturday,8,3,2,1,0.33,0.5,0.25,0.47,66.67,61.0,1
U003,8,2026-03-01,Sunday,8,5,4,1,1.79,2.91,1.05,1.04,80.0,57.86,0
U003,9,2026-03-02,Monday,9,5,4,1,5.49,9.61,3.97,4.7,80.0,77.2,3
U003,9,2026-03-03,Tuesday,9,5,4,1,3.8,6.06,3.3,2.49,80.0,75.51,3
U003,9,2026-03-04,Wednesday,9,9,6,3,3.94,7.02,2.59,3.43,66.67,65.43,2
U003,9,2026-03-05,Thursday,9,8,8,0,4.93,6.86,3.39,2.14,100.0,85.18,2
U003,9,2026-03-06,Friday,9,5,4,1,3.53,7.4,2.47,4.36,80.0,58.32,2
U003,9,2026-03-07,Saturday,9,3,2,1,2.38,4.0,1.77,1.47,66.67,61.16,2
U003,9,2026-03-08,Sunday,9,3,1,2,1.88,3.15,1.06,0.88,33.33,44.65,1
U003,10,2026-03-09,Monday,10,6,4,2,3.48,7.28,2.41,3.77,66.67,60.93,2
U003,10,2026-03-10,Tuesday,10,4,3,1,3.9,6.81,2.81,3.55,75.0,61.43,3
U003,10,2026-03-11,Wednesday,10,8,6,2,3.63,5.45,2.53,2.02,75.0,62.01,1
U003,10,2026-03-12,Thursday,10,6,5,1,4.46,7.34,2.94,3.29,83.33,75.34,2
U003,10,2026-03-13,Friday,10,5,5,0,4.39,6.74,3.23,2.17,100.0,80.76,2
U003,10,2026-03-14,Saturday,10,4,4,0,1.94,3.18,1.37,1.36,100.0,78.05,0
U003,10,2026-03-15,Sunday,10,2,1,1,1.52,3.17,1.22,2.02,50.0,52.81,1
U003,11,2026-03-16,Monday,11,7,6,1,3.8,6.8,2.1,2.62,85.71,69.14,0
U003,11,2026-03-17,Tuesday,11,9,6,3,6.63,9.56,4.17,2.79,66.67,70.9,4
U003,11,2026-03-18,Wednesday,11,9,7,2,4.1,6.94,2.86,3.63,77.78,63.87,2
U003,11,2026-03-19,Thursday,11,8,6,2,4.35,7.91,3.01,3.61,75.0,65.65,1
U003,11,2026-03-20,Friday,11,8,5,3,4.52,7.72,3.05,3.73,62.5,60.53,2
U003,11,2026-03-21,Saturday,11,5,5,0,1.64,2.67,1.06,1.45,100.0,73.25,0
U003,11,2026-03-22,Sunday,11,4,2,2,0.25,0.5,0.15,0.38,50.0,45.59,0
U003,12,2026-03-23,Monday,12,9,7,2,3.7,5.76,3.23,2.21,77.78,67.77,3
U003,12,2026-03-24,Tuesday,12,7,6,1,4.07,7.32,3.12,3.55,85.71,79.8,3
U003,12,2026-03-25,Wednesday,12,7,5,2,4.94,8.09,3.62,3.64,71.43,63.06,2
U003,12,2026-03-26,Thursday,12,7,5,2,5.0,7.73,4.18,2.24,71.43,67.49,3
U003,12,2026-03-27,Friday,12,6,4,2,4.7,7.46,3.26,3.03,66.67,71.13,2
U003,12,2026-03-28,Saturday,12,3,1,2,5.6,6.94,4.18,0.99,33.33,54.6,4
U003,12,2026-03-29,Sunday,12,1,0,1,2.14,3.44,1.43,1.55,0.0,25.3,0
U004,1,2026-01-05,Monday,1,5,2,3,2.8,6.05,1.8,3.77,40.0,47.74,2
U004,1,2026-01-06,Tuesday,1,6,5,1,4.21,7.49,2.77,3.25,83.33,63.74,2
U004,1,2026-01-07,Wednesday,1,7,6,1,5.89,7.95,4.0,2.61,85.71,75.23,3
U004,1,2026-01-08,Thursday,1,7,5,2,4.85,8.01,3.06,3.45,71.43,70.64,1
U004,1,2026-01-09,Friday,1,9,6,3,4.42,7.44,1.92,3.29,66.67,63.98,2
U004,1,2026-01-10,Saturday,1,5,4,1,1.81,3.57,1.1,2.27,80.0,63.17,2
U004,1,2026-01-11,Sunday,1,1,0,1,0.86,1.58,0.38,0.96,0.0,10.49,0
U004,2,2026-01-12,Monday,2,7,5,2,3.4,6.21,2.27,3.3,71.43,61.68,1
U004,2,2026-01-13,Tuesday,2,9,6,3,3.3,5.31,2.38,1.97,66.67,58.03,1
U004,2,2026-01-14,Wednesday,2,5,2,3,4.8,7.49,2.87,2.9,40.0,54.94,2
U004,2,2026-01-15,Thursday,2,9,7,2,3.63,7.42,1.6,4.09,77.78,64.24,1
U004,2,2026-01-16,Friday,2,6,4,2,2.59,5.19,2.04,3.05,66.67,57.93,2
U004,2,2026-01-17,Saturday,2,6,4,2,1.71,4.43,0.99,2.43,66.67,57.12,1
U004,2,2026-01-18,Sunday,2,3,2,1,0.31,0.5,0.2,0.34,66.67,55.76,0
U004,3,2026-01-19,Monday,3,7,5,2,4.26,7.92,2.95,4.21,71.43,57.76,3
U004,3,2026-01-20,Tuesday,3,5,3,2,4.8,6.81,2.63,2.59,60.0,53.57,1
U004,3,2026-01-21,Wednesday,3,9,6,3,4.03,8.57,2.64,5.17,66.67,58.92,2
U004,3,2026-01-22,Thursday,3,7,5,2,4.53,7.8,2.87,3.72,71.43,61.87,3
U004,3,2026-01-23,Friday,3,7,4,3,3.78,6.36,2.57,3.14,57.14,52.57,2
U004,3,2026-01-24,Saturday,3,3,1,2,0.51,0.73,0.38,0.67,33.33,36.76,0
U004,3,2026-01-25,Sunday,3,1,0,1,2.32,4.17,1.11,2.13,0.0,28.12,1
U004,4,2026-01-26,Monday,4,4,3,1,3.64,7.44,2.29,4.34,75.0,63.56,2
U004,4,2026-01-27,Tuesday,4,5,4,1,3.97,7.38,2.42,3.96,80.0,66.79,2
U004,4,2026-01-28,Wednesday,4,10,6,4,5.05,7.61,4.22,2.95,60.0,60.76,2
U004,4,2026-01-29,Thursday,4,8,5,3,4.19,7.61,2.9,3.79,62.5,51.43,2
U004,4,2026-01-30,Friday,4,9,6,3,4.97,8.18,3.54,3.61,66.67,63.34,2
U004,4,2026-01-31,Saturday,4,5,3,2,0.74,1.37,0.52,0.8,60.0,51.28,1
U004,4,2026-02-01,Sunday,4,5,3,2,1.89,3.29,1.2,1.18,60.0,52.67,1
U004,5,2026-02-02,Monday,5,7,4,3,4.38,7.29,3.19,3.16,57.14,67.58,3
U004,5,2026-02-03,Tuesday,5,7,4,3,3.01,7.33,2.01,4.04,57.14,52.54,3
U004,5,2026-02-04,Wednesday,5,7,5,2,4.84,7.02,3.12,2.58,71.43,73.72,4
U004,5,2026-02-05,Thursday,5,8,5,3,4.37,7.62,3.16,2.94,62.5,62.88,3
U004,5,2026-02-06,Friday,5,7,5,2,5.29,8.38,3.59,3.14,71.43,75.04,4
U004,5,2026-02-07,Saturday,5,4,2,2,1.92,3.54,1.42,1.7,50.0,44.83,2
U004,5,2026-02-08,Sunday,5,5,4,1,3.12,5.01,1.72,1.86,80.0,58.26,1
U004,6,2026-02-09,Monday,6,7,7,0,3.43,6.01,2.1,2.65,100.0,68.28,3
U004,6,2026-02-10,Tuesday,6,7,5,2,6.89,9.43,4.02,2.72,71.43,79.82,3
U004,6,2026-02-11,Wednesday,6,6,5,1,4.45,7.6,2.57,3.42,83.33,69.66,2
U004,6,2026-02-12,Thursday,6,8,6,2,3.48,5.96,1.93,2.51,75.0,60.97,1
U004,6,2026-02-13,Friday,6,6,5,1,4.51,7.85,3.04,3.41,83.33,68.41,2
U004,6,2026-02-14,Saturday,6,3,1,2,2.34,3.59,1.72,1.7,33.33,44.56,3
U004,6,2026-02-15,Sunday,6,3,2,1,1.51,2.6,0.94,1.55,66.67,53.71,1
U004,7,2026-02-16,Monday,7,6,4,2,5.4,8.12,3.52,3.19,66.67,66.45,2
U004,7,2026-02-17,Tuesday,7,7,4,3,5.03,7.2,3.16,1.84,57.14,60.38,2
U004,7,2026-02-18,Wednesday,7,7,4,3,4.34,6.93,2.75,3.02,57.14,71.17,2
U004,7,2026-02-19,Thursday,7,5,4,1,4.71,8.38,3.66,3.95,80.0,67.77,3
U004,7,2026-02-20,Friday,7,5,3,2,4.3,7.42,2.88,3.33,60.0,56.48,3
U004,7,2026-02-21,Saturday,7,5,3,2,1.03,1.82,0.73,0.82,60.0,54.16,1
U004,7,2026-02-22,Sunday,7,2,2,0,2.06,3.5,1.45,1.31,100.0,78.56,1
U004,8,2026-02-23,Monday,8,6,5,1,6.2,8.8,4.23,2.61,83.33,76.61,4
U004,8,2026-02-24,Tuesday,8,7,5,2,4.89,10.62,3.17,5.56,71.43,71.17,3
U004,8,2026-02-25,Wednesday,8,5,4,1,4.01,7.33,2.55,3.29,80.0,69.7,3
U004,8,2026-02-26,Thursday,8,9,6,3,3.77,6.46,2.66,2.28,66.67,67.62,3
U004,8,2026-02-27,Friday,8,10,7,3,4.03,7.02,2.95,2.99,70.0,61.24,3
U004,8,2026-02-28,Saturday,8,1,1,0,0.7,1.63,0.51,1.42,100.0,68.93,0
U004,8,2026-03-01,Sunday,8,1,1,0,0.28,0.5,0.16,0.35,100.0,68.61,0
U004,9,2026-03-02,Monday,9,9,5,4,6.67,8.79,3.88,2.61,55.56,75.12,3
U004,9,2026-03-03,Tuesday,9,8,6,2,4.01,6.77,2.78,2.48,75.0,69.78,1
U004,9,2026-03-04,Wednesday,9,7,6,1,4.13,7.81,2.33,3.99,85.71,69.69,2
U004,9,2026-03-05,Thursday,9,7,5,2,5.46,7.65,4.16,2.41,71.43,68.74,3
U004,9,2026-03-06,Friday,9,7,5,2,5.6,8.75,3.78,3.36,71.43,68.19,3
U004,9,2026-03-07,Saturday,9,4,2,2,0.29,0.5,0.18,0.15,50.0,46.84,0
U004,9,2026-03-08,Sunday,9,5,5,0,1.16,1.87,0.93,1.25,100.0,66.81,0
U004,10,2026-03-09,Monday,10,4,3,1,6.21,8.51,4.47,2.38,75.0,75.84,3
U004,10,2026-03-10,Tuesday,10,6,4,2,4.92,7.87,3.61,2.79,66.67,63.52,3
U004,10,2026-03-11,Wednesday,10,6,5,1,5.17,8.91,3.72,4.18,83.33,81.4,4
U004,10,2026-03-12,Thursday,10,8,5,3,3.46,5.41,3.12,2.3,62.5,65.84,2
U004,10,2026-03-13,Friday,10,6,5,1,5.11,10.73,3.52,5.8,83.33,77.75,3
U004,10,2026-03-14,Saturday,10,3,2,1,1.57,2.23,0.93,0.58,66.67,57.61,1
U004,10,2026-03-15,Sunday,10,1,0,1,0.59,1.34,0.42,0.84,0.0,24.57,0
U004,11,2026-03-16,Monday,11,8,6,2,5.17,9.29,3.18,4.12,75.0,63.44,2
U004,11,2026-03-17,Tuesday,11,6,4,2,4.86,7.45,2.08,2.73,66.67,60.31,1
U004,11,2026-03-18,Wednesday,11,7,6,1,4.18,7.18,2.83,3.0,85.71,73.4,2
U004,11,2026-03-19,Thursday,11,7,4,3,7.25,9.79,5.73,3.01,57.14,73.06,4
U004,11,2026-03-20,Friday,11,6,4,2,4.12,7.03,2.78,3.39,66.67,60.8,2
U004,11,2026-03-21,Saturday,11,1,1,0,1.75,3.3,1.12,2.06,100.0,76.06,1
U004,11,2026-03-22,Sunday,11,4,2,2,1.87,3.17,1.17,1.9,50.0,41.57,1
U004,12,2026-03-23,Monday,12,7,5,2,2.67,4.51,1.86,1.92,71.43,68.57,2
U004,12,2026-03-24,Tuesday,12,10,10,0,5.41,8.55,3.53,3.51,100.0,80.08,3
U004,12,2026-03-25,Wednesday,12,8,7,1,3.72,7.5,2.48,3.71,87.5,62.56,1
U004,12,2026-03-26,Thursday,12,8,7,1,5.89,8.12,3.98,2.62,87.5,87.24,2
U004,12,2026-03-27,Friday,12,6,5,1,3.96,7.86,2.63,3.98,83.33,65.75,2
U004,12,2026-03-28,Saturday,12,6,4,2,2.38,4.25,1.59,1.73,66.67,55.94,1
U004,12,2026-03-29,Sunday,12,5,4,1,2.32,4.39,1.54,2.23,80.0,62.95,2
U005,1,2026-01-05,Monday,1,5,3,2,4.76,7.12,2.72,2.54,60.0,58.98,2
U005,1,2026-01-06,Tuesday,1,5,2,3,2.86,5.42,1.92,2.89,40.0,45.64,3
U005,1,2026-01-07,Wednesday,1,8,5,3,4.86,6.93,3.32,2.11,62.5,62.17,2
U005,1,2026-01-08,Thursday,1,3,1,2,5.16,8.95,3.96,3.8,33.33,53.96,2
U005,1,2026-01-09,Friday,1,6,4,2,3.86,7.44,2.66,3.81,66.67,59.76,2
U005,1,2026-01-10,Saturday,1,4,2,2,1.13,2.43,0.59,1.93,50.0,43.11,1
U005,1,2026-01-11,Sunday,1,4,2,2,1.54,2.12,1.13,0.77,50.0,54.1,1
U005,2,2026-01-12,Monday,2,7,3,4,4.59,7.27,3.09,2.86,42.86,49.52,2
U005,2,2026-01-13,Tuesday,2,7,5,2,5.02,9.01,3.65,4.2,71.43,68.61,3
U005,2,2026-01-14,Wednesday,2,5,3,2,4.11,7.92,2.87,4.48,60.0,54.68,1
U005,2,2026-01-15,Thursday,2,8,4,4,5.13,8.28,3.76,3.84,50.0,49.46,3
U005,2,2026-01-16,Friday,2,7,3,4,3.99,7.5,2.6,3.62,42.86,44.72,3
U005,2,2026-01-17,Saturday,2,3,2,1,1.64,2.48,1.09,1.1,66.67,58.17,1
U005,2,2026-01-18,Sunday,2,2,2,0,1.73,2.9,1.07,1.33,100.0,77.04,1
U005,3,2026-01-19,Monday,3,7,4,3,5.11,7.96,2.91,2.88,57.14,58.29,2
U005,3,2026-01-20,Tuesday,3,6,4,2,3.8,6.59,2.47,3.17,66.67,66.15,2
U005,3,2026-01-21,Wednesday,3,6,4,2,4.26,7.19,3.5,3.19,66.67,60.59,2
U005,3,2026-01-22,Thursday,3,6,3,3,6.4,9.55,4.34,3.1,50.0,58.8,3
U005,3,2026-01-23,Friday,3,8,5,3,5.71,11.0,4.39,5.51,62.5,64.39,4
U005,3,2026-01-24,Saturday,3,2,0,2,1.67,3.23,1.27,1.52,0.0,26.9,1
U005,3,2026-01-25,Sunday,3,1,1,0,1.79,2.74,1.15,1.15,100.0,72.25,1
U005,4,2026-01-26,Monday,4,5,3,2,4.43,7.59,2.94,2.83,60.0,68.09,2
U005,4,2026-01-27,Tuesday,4,6,3,3,5.48,8.45,3.21,3.54,50.0,64.14,3
U005,4,2026-01-28,Wednesday,4,7,6,1,4.53,7.69,2.18,3.1,85.71,77.13,2
U005,4,2026-01-29,Thursday,4,2,1,1,5.37,8.93,3.64,4.06,50.0,60.43,3
U005,4,2026-01-30,Friday,4,3,2,1,4.53,7.57,2.86,3.17,66.67,61.1,2
U005,4,2026-01-31,Saturday,4,2,2,0,0.72,1.16,0.57,0.98,100.0,70.67,1
U005,4,2026-02-01,Sunday,4,2,1,1,1.65,2.89,1.03,1.3,50.0,39.11,0
U005,5,2026-02-02,Monday,5,6,4,2,4.16,7.68,2.81,3.68,66.67,54.1,2
U005,5,2026-02-03,Tuesday,5,6,4,2,3.78,7.02,2.66,3.7,66.67,59.87,2
U005,5,2026-02-04,Wednesday,5,6,4,2,3.91,7.71,2.41,3.63,66.67,62.28,1
U005,5,2026-02-05,Thursday,5,5,3,2,5.68,9.12,3.93,3.88,60.0,62.34,4
U005,5,2026-02-06,Friday,5,8,4,4,4.16,6.89,2.97,2.63,50.0,65.43,3
U005,5,2026-02-07,Saturday,5,1,0,1,2.13,3.76,1.27,1.3,0.0,26.41,0
U005,5,2026-02-08,Sunday,5,4,2,2,4.28,5.94,2.73,1.4,50.0,53.94,2
U005,6,2026-02-09,Monday,6,7,6,1,4.96,8.49,2.93,3.81,85.71,74.29,2
U005,6,2026-02-10,Tuesday,6,5,3,2,2.36,4.93,1.76,2.62,60.0,51.9,2
U005,6,2026-02-11,Wednesday,6,6,5,1,6.02,10.37,3.53,4.44,83.33,69.15,3
U005,6,2026-02-12,Thursday,6,5,3,2,3.87,8.29,3.02,5.12,60.0,48.4,3
U005,6,2026-02-13,Friday,6,4,3,1,4.54,7.44,3.12,3.09,75.0,63.36,2
U005,6,2026-02-14,Saturday,6,2,1,1,2.56,3.87,1.58,1.29,50.0,51.78,0
U005,6,2026-02-15,Sunday,6,4,2,2,1.58,2.48,1.09,0.91,50.0,51.11,1
U005,7,2026-02-16,Monday,7,6,6,0,3.65,8.1,2.38,4.95,100.0,80.35,2
U005,7,2026-02-17,Tuesday,7,10,7,3,4.35,7.41,3.45,3.56,70.0,63.1,4
U005,7,2026-02-18,Wednesday,7,6,5,1,4.12,7.44,2.28,3.91,83.33,57.28,1
U005,7,2026-02-19,Thursday,7,6,4,2,6.05,9.92,4.33,4.03,66.67,67.75,3
U005,7,2026-02-20,Friday,7,7,4,3,5.31,9.34,3.5,3.91,57.14,64.46,2
U005,7,2026-02-21,Saturday,7,3,3,0,1.88,2.83,1.14,0.7,100.0,61.52,1
U005,7,2026-02-22,Sunday,7,1,1,0,1.04,1.58,0.7,0.2,100.0,70.24,0
U005,8,2026-02-23,Monday,8,7,5,2,5.82,7.43,3.62,1.78,71.43,77.6,3
U005,8,2026-02-24,Tuesday,8,5,5,0,4.84,7.34,3.13,2.09,100.0,82.17,2
U005,8,2026-02-25,Wednesday,8,3,2,1,4.68,6.36,3.17,1.53,66.67,72.16,2
U005,8,2026-02-26,Thursday,8,6,4,2,6.14,9.24,4.85,3.6,66.67,72.86,4
U005,8,2026-02-27,Friday,8,6,3,3,3.47,5.97,2.2,2.93,50.0,55.33,3
U005,8,2026-02-28,Saturday,8,2,1,1,1.23,1.79,0.7,0.47,50.0,44.86,0
U005,8,2026-03-01,Sunday,8,5,4,1,0.81,1.52,0.58,1.53,80.0,53.29,0
U005,9,2026-03-02,Monday,9,6,5,1,4.49,7.95,3.49,4.04,83.33,64.72,2
U005,9,2026-03-03,Tuesday,9,5,3,2,5.25,7.34,3.73,1.47,60.0,69.12,3
U005,9,2026-03-04,Wednesday,9,5,4,1,6.0,10.34,3.96,3.85,80.0,70.69,3
U005,9,2026-03-05,Thursday,9,5,4,1,4.54,7.15,2.38,3.37,80.0,77.11,3
U005,9,2026-03-06,Friday,9,6,6,0,6.66,9.8,5.18,3.27,100.0,90.99,4
U005,9,2026-03-07,Saturday,9,4,3,1,1.23,1.87,1.0,0.74,75.0,67.44,1
U005,9,2026-03-08,Sunday,9,3,2,1,2.59,4.3,1.54,1.32,66.67,68.95,1
U005,10,2026-03-09,Monday,10,8,5,3,5.42,8.76,2.93,3.28,62.5,66.72,3
U005,10,2026-03-10,Tuesday,10,9,7,2,5.19,6.82,3.02,1.51,77.78,81.8,3
U005,10,2026-03-11,Wednesday,10,7,5,2,4.39,7.48,3.01,3.59,71.43,70.48,2
U005,10,2026-03-12,Thursday,10,6,4,2,4.22,6.43,2.4,2.83,66.67,66.62,2
U005,10,2026-03-13,Friday,10,5,4,1,4.82,7.47,3.53,2.98,80.0,59.55,2
U005,10,2026-03-14,Saturday,10,3,2,1,0.27,0.5,0.15,0.03,66.67,54.29,1
U005,10,2026-03-15,Sunday,10,2,2,0,0.66,1.07,0.45,0.83,100.0,64.71,0
U005,11,2026-03-16,Monday,11,7,6,1,4.74,8.0,2.97,3.07,85.71,62.24,3
U005,11,2026-03-17,Tuesday,11,6,4,2,5.38,8.41,2.53,2.73,66.67,69.77,3
U005,11,2026-03-18,Wednesday,11,7,7,0,3.34,5.59,2.01,2.58,100.0,74.76,2
U005,11,2026-03-19,Thursday,11,8,6,2,4.06,6.07,2.48,2.27,75.0,65.83,3
U005,11,2026-03-20,Friday,11,8,6,2,4.9,8.88,3.25,4.73,75.0,60.42,2
U005,11,2026-03-21,Saturday,11,3,2,1,0.87,1.71,0.73,1.56,66.67,57.02,0
U005,11,2026-03-22,Sunday,11,4,2,2,2.23,3.57,1.45,1.35,50.0,38.67,2
U005,12,2026-03-23,Monday,12,9,7,2,3.69,6.87,2.18,3.1,77.78,63.59,2
U005,12,2026-03-24,Tuesday,12,7,5,2,5.48,8.84,3.72,3.74,71.43,72.05,2
U005,12,2026-03-25,Wednesday,12,6,5,1,5.49,8.01,3.47,2.61,83.33,71.29,2
U005,12,2026-03-26,Thursday,12,9,8,1,4.04,6.21,2.84,2.48,88.89,86.19,3
U005,12,2026-03-27,Friday,12,7,5,2,4.28,7.16,2.75,3.17,71.43,62.3,3
U005,12,2026-03-28,Saturday,12,3,3,0,1.39,2.13,1.03,0.79,100.0,82.29,0
U005,12,2026-03-29,Sunday,12,4,3,1,1.17,1.75,0.64,0.53,75.0,57.68,1
U006,1,2026-01-05,Monday,1,6,3,3,6.5,10.16,3.85,4.11,50.0,65.74,3
U006,1,2026-01-06,Tuesday,1,8,4,4,4.26,8.92,2.67,5.56,50.0,49.22,3
U006,1,2026-01-07,Wednesday,1,5,3,2,4.31,5.8,2.97,1.71,60.0,57.0,3
U006,1,2026-01-08,Thursday,1,7,5,2,5.04,9.14,3.97,4.2,71.43,66.95,4
U006,1,2026-01-09,Friday,1,4,3,1,3.47,7.15,2.41,4.34,75.0,63.28,2
U006,1,2026-01-10,Saturday,1,2,0,2,1.69,2.88,1.27,2.06,0.0,22.52,1
U006,1,2026-01-11,Sunday,1,2,1,1,1.63,3.26,1.05,2.01,50.0,42.56,0
U006,2,2026-01-12,Monday,2,6,3,3,3.89,6.95,2.63,3.15,50.0,53.72,3
U006,2,2026-01-13,Tuesday,2,6,4,2,3.44,6.45,1.97,3.12,66.67,66.27,1
U006,2,2026-01-14,Wednesday,2,9,5,4,3.7,6.77,2.55,3.24,55.56,55.33,3
U006,2,2026-01-15,Thursday,2,5,4,1,4.54,7.93,2.23,3.74,80.0,73.2,2
U006,2,2026-01-16,Friday,2,6,3,3,4.43,7.43,3.12,2.65,50.0,54.25,3
U006,2,2026-01-17,Saturday,2,5,4,1,2.14,4.03,1.39,1.75,80.0,56.43,0
U006,2,2026-01-18,Sunday,2,5,3,2,1.85,3.4,1.33,1.67,60.0,52.04,0
U006,3,2026-01-19,Monday,3,5,2,3,3.5,6.51,2.71,3.08,40.0,46.72,1
U006,3,2026-01-20,Tuesday,3,7,4,3,5.46,9.2,3.06,3.5,57.14,62.35,3
U006,3,2026-01-21,Wednesday,3,7,4,3,5.44,8.69,3.0,3.39,57.14,68.82,2
U006,3,2026-01-22,Thursday,3,5,3,2,2.96,5.38,1.78,2.51,60.0,51.67,2
U006,3,2026-01-23,Friday,3,5,2,3,4.99,7.63,2.63,2.81,40.0,56.97,2
U006,3,2026-01-24,Saturday,3,5,2,3,2.6,4.4,1.62,1.49,40.0,55.55,2
U006,3,2026-01-25,Sunday,3,1,0,1,1.03,2.01,0.63,1.3,0.0,23.5,0
U006,4,2026-01-26,Monday,4,7,4,3,4.37,7.48,2.39,3.41,57.14,50.59,2
U006,4,2026-01-27,Tuesday,4,7,4,3,4.07,8.41,2.73,4.87,57.14,63.21,2
U006,4,2026-01-28,Wednesday,4,5,4,1,5.1,7.92,3.6,2.67,80.0,64.89,3
U006,4,2026-01-29,Thursday,4,11,8,3,5.35,8.23,3.46,3.01,72.73,75.76,3
U006,4,2026-01-30,Friday,4,8,5,3,4.29,6.42,2.91,2.42,62.5,64.56,2
U006,4,2026-01-31,Saturday,4,2,0,2,1.0,2.09,0.72,1.14,0.0,22.54,0
U006,4,2026-02-01,Sunday,4,5,2,3,2.04,3.61,1.53,1.21,40.0,49.89,1
U006,5,2026-02-02,Monday,5,6,5,1,3.98,6.61,2.46,2.41,83.33,70.6,2
U006,5,2026-02-03,Tuesday,5,7,6,1,3.95,5.98,2.22,2.11,85.71,67.56,1
U006,5,2026-02-04,Wednesday,5,8,5,3,4.14,7.38,2.94,3.24,62.5,56.58,2
U006,5,2026-02-05,Thursday,5,7,6,1,4.03,7.16,2.63,2.97,85.71,70.88,3
U006,5,2026-02-06,Friday,5,7,6,1,3.57,5.65,2.5,2.55,85.71,71.14,1
U006,5,2026-02-07,Saturday,5,2,1,1,0.33,0.5,0.22,0.29,50.0,44.52,0
U006,5,2026-02-08,Sunday,5,1,1,0,0.96,2.06,0.64,2.01,100.0,74.18,1
U006,6,2026-02-09,Monday,6,8,6,2,4.09,6.67,3.2,2.86,75.0,61.24,3
U006,6,2026-02-10,Tuesday,6,7,6,1,3.01,5.7,2.21,2.93,85.71,74.24,2
U006,6,2026-02-11,Wednesday,6,6,4,2,4.08,6.8,3.14,2.78,66.67,60.26,3
U006,6,2026-02-12,Thursday,6,8,7,1,3.22,7.07,2.3,3.86,87.5,65.42,2
U006,6,2026-02-13,Friday,6,5,4,1,4.65,6.82,3.02,2.61,80.0,75.64,2
U006,6,2026-02-14,Saturday,6,1,1,0,1.65,3.18,1.21,2.3,100.0,68.97,1
U006,6,2026-02-15,Sunday,6,4,2,2,1.53,3.15,0.95,1.65,50.0,46.61,1
U006,7,2026-02-16,Monday,7,5,3,2,3.35,6.38,2.58,3.29,60.0,58.14,2
U006,7,2026-02-17,Tuesday,7,11,8,3,4.79,7.75,3.47,2.95,72.73,62.19,2
U006,7,2026-02-18,Wednesday,7,7,4,3,3.06,7.23,1.71,4.41,57.14,57.36,1
U006,7,2026-02-19,Thursday,7,5,3,2,3.83,5.93,1.96,2.45,60.0,54.5,1
U006,7,2026-02-20,Friday,7,8,4,4,6.11,10.65,4.19,4.72,50.0,61.02,3
U006,7,2026-02-21,Saturday,7,1,0,1,1.16,1.91,0.68,1.15,0.0,24.77,1
U006,7,2026-02-22,Sunday,7,3,3,0,0.98,1.57,0.68,1.15,100.0,69.71,0
U006,8,2026-02-23,Monday,8,5,2,3,5.89,10.04,4.1,4.28,40.0,49.2,2
U006,8,2026-02-24,Tuesday,8,7,4,3,4.68,7.58,3.26,2.43,57.14,68.16,2
U006,8,2026-02-25,Wednesday,8,7,5,2,3.56,6.0,2.03,2.64,71.43,62.59,2
U006,8,2026-02-26,Thursday,8,5,3,2,3.21,5.86,1.78,2.77,60.0,61.73,2
U006,8,2026-02-27,Friday,8,7,5,2,3.73,8.13,2.45,4.31,71.43,64.21,2
U006,8,2026-02-28,Saturday,8,5,3,2,1.77,2.64,1.22,0.98,60.0,52.9,1
U006,8,2026-03-01,Sunday,8,2,1,1,1.2,2.19,0.81,1.3,50.0,44.84,1
U006,9,2026-03-02,Monday,9,4,4,0,3.81,7.47,2.68,3.79,100.0,76.85,3
U006,9,2026-03-03,Tuesday,9,7,5,2,5.02,8.55,3.67,3.41,71.43,68.89,3
U006,9,2026-03-04,Wednesday,9,7,7,0,4.55,7.67,2.65,2.9,100.0,81.43,2
U006,9,2026-03-05,Thursday,9,7,5,2,4.0,6.96,2.88,3.29,71.43,64.83,2
U006,9,2026-03-06,Friday,9,6,4,2,4.31,7.02,2.51,2.99,66.67,70.53,3
U006,9,2026-03-07,Saturday,9,1,0,1,1.45,2.51,0.91,1.19,0.0,27.8,0
U006,9,2026-03-08,Sunday,9,2,2,0,2.38,4.13,1.72,1.86,100.0,78.99,1
U006,10,2026-03-09,Monday,10,7,5,2,3.94,7.91,2.4,4.35,71.43,70.1,1
U006,10,2026-03-10,Tuesday,10,7,5,2,6.03,9.65,4.97,3.52,71.43,68.41,4
U006,10,2026-03-11,Wednesday,10,8,6,2,3.58,5.57,2.41,1.91,75.0,66.37,2
U006,10,2026-03-12,Thursday,10,7,5,2,3.79,6.58,2.37,2.83,71.43,71.61,3
U006,10,2026-03-13,Friday,10,6,5,1,4.57,7.29,2.84,2.87,83.33,71.56,2
U006,10,2026-03-14,Saturday,10,6,3,3,2.27,3.24,1.56,0.85,50.0,47.14,1
U006,10,2026-03-15,Sunday,10,3,2,1,0.84,1.29,0.44,1.25,66.67,51.14,0
U006,11,2026-03-16,Monday,11,4,3,1,3.73,6.06,2.84,2.02,75.0,70.69,2
U006,11,2026-03-17,Tuesday,11,9,7,2,4.55,8.11,3.13,3.51,77.78,61.38,2
U006,11,2026-03-18,Wednesday,11,7,5,2,5.3,9.72,4.1,4.3,71.43,68.13,3
U006,11,2026-03-19,Thursday,11,8,7,1,4.16,6.32,2.82,1.54,87.5,69.21,3
U006,11,2026-03-20,Friday,11,6,5,1,5.91,10.21,3.59,4.35,83.33,69.24,3
U006,11,2026-03-21,Saturday,11,9,7,2,2.42,4.39,1.73,1.63,77.78,70.51,2
U006,11,2026-03-22,Sunday,11,2,1,1,0.91,1.67,0.75,1.18,50.0,57.55,2
U006,12,2026-03-23,Monday,12,5,5,0,6.78,9.19,4.55,2.46,100.0,92.73,3
U006,12,2026-03-24,Tuesday,12,6,4,2,4.49,6.81,3.05,2.32,66.67,63.46,3
U006,12,2026-03-25,Wednesday,12,8,5,3,3.72,7.04,2.52,2.94,62.5,60.28,2
U006,12,2026-03-26,Thursday,12,8,6,2,5.59,7.91,4.15,2.51,75.0,72.93,4
U006,12,2026-03-27,Friday,12,6,4,2,3.94,6.67,2.16,2.95,66.67,75.32,3
U006,12,2026-03-28,Saturday,12,5,4,1,1.75,2.56,1.11,1.6,80.0,52.09,1
U006,12,2026-03-29,Sunday,12,5,3,2,1.73,3.25,1.11,2.0,60.0,47.44,2
U007,1,2026-01-05,Monday,1,5,3,2,3.74,6.76,2.11,3.08,60.0,53.6,2
U007,1,2026-01-06,Tuesday,1,8,3,5,5.32,7.69,4.13,2.44,37.5,53.08,3
U007,1,2026-01-07,Wednesday,1,4,2,2,4.58,8.53,3.37,4.23,50.0,48.59,4
U007,1,2026-01-08,Thursday,1,5,3,2,2.49,5.62,1.77,3.95,60.0,46.27,2
U007,1,2026-01-09,Friday,1,7,4,3,3.42,7.3,2.2,3.59,57.14,53.96,2
U007,1,2026-01-10,Saturday,1,2,0,2,1.62,2.56,1.35,1.15,0.0,27.31,1
U007,1,2026-01-11,Sunday,1,3,3,0,1.27,2.4,0.88,1.28,100.0,70.25,1
U007,2,2026-01-12,Monday,2,5,3,2,3.13,5.5,1.84,2.71,60.0,53.15,2
U007,2,2026-01-13,Tuesday,2,7,4,3,5.16,7.43,3.14,2.96,57.14,58.57,3
U007,2,2026-01-14,Wednesday,2,7,5,2,4.33,7.37,2.98,3.3,71.43,66.33,3
U007,2,2026-01-15,Thursday,2,8,6,2,3.01,7.01,2.18,3.79,75.0,60.97,3
U007,2,2026-01-16,Friday,2,7,5,2,3.35,5.46,2.64,2.06,71.43,68.94,2
U007,2,2026-01-17,Saturday,2,3,1,2,2.7,3.96,1.94,1.53,33.33,38.58,2
U007,2,2026-01-18,Sunday,2,3,2,1,1.18,2.11,0.78,1.22,66.67,60.3,1
U007,3,2026-01-19,Monday,3,6,4,2,3.74,6.69,2.23,2.98,66.67,57.2,2
U007,3,2026-01-20,Tuesday,3,8,5,3,5.4,8.38,3.27,3.3,62.5,65.87,1
U007,3,2026-01-21,Wednesday,3,7,4,3,6.01,9.41,3.45,3.09,57.14,59.82,2
U007,3,2026-01-22,Thursday,3,7,4,3,4.3,7.36,2.64,3.53,57.14,57.18,2
U007,3,2026-01-23,Friday,3,7,5,2,3.6,6.74,1.9,3.54,71.43,54.12,2
U007,3,2026-01-24,Saturday,3,4,3,1,2.36,4.4,1.81,2.25,75.0,57.29,2
U007,3,2026-01-25,Sunday,3,2,1,1,0.38,0.7,0.27,0.28,50.0,42.64,1
U007,4,2026-01-26,Monday,4,5,2,3,4.95,7.47,3.31,2.9,40.0,63.96,2
U007,4,2026-01-27,Tuesday,4,5,4,1,3.94,7.25,2.39,3.11,80.0,71.61,2
U007,4,2026-01-28,Wednesday,4,4,2,2,4.51,6.92,2.93,2.45,50.0,61.39,3
U007,4,2026-01-29,Thursday,4,6,5,1,3.93,7.01,2.34,3.04,83.33,72.17,1
U007,4,2026-01-30,Friday,4,8,5,3,3.95,8.21,2.76,4.47,62.5,52.03,2
U007,4,2026-01-31,Saturday,4,2,2,0,1.95,3.2,1.36,1.23,100.0,75.9,1
U007,4,2026-02-01,Sunday,4,1,0,1,2.67,3.6,2.25,1.26,0.0,33.73,1
U007,5,2026-02-02,Monday,5,7,4,3,5.65,8.45,2.99,2.87,57.14,55.64,3
U007,5,2026-02-03,Tuesday,5,4,2,2,4.64,7.17,3.67,2.49,50.0,48.25,2
U007,5,2026-02-04,Wednesday,5,7,4,3,5.51,8.93,3.97,4.15,57.14,69.55,3
U007,5,2026-02-05,Thursday,5,4,4,0,2.74,4.82,1.51,2.08,100.0,79.39,1
U007,5,2026-02-06,Friday,5,6,6,0,5.62,8.62,3.85,3.26,100.0,73.4,3
U007,5,2026-02-07,Saturday,5,2,1,1,1.25,2.76,0.86,1.57,50.0,40.93,1
U007,5,2026-02-08,Sunday,5,3,1,2,2.47,3.71,1.47,1.53,33.33,50.4,1
U007,6,2026-02-09,Monday,6,7,5,2,4.12,7.01,2.25,2.98,71.43,61.96,1
U007,6,2026-02-10,Tuesday,6,9,6,3,4.18,7.2,3.19,2.92,66.67,55.85,2
U007,6,2026-02-11,Wednesday,6,4,3,1,3.61,5.52,2.11,2.02,75.0,61.42,2
U007,6,2026-02-12,Thursday,6,7,4,3,5.5,9.15,3.49,3.74,57.14,69.84,2
U007,6,2026-02-13,Friday,6,8,6,2,6.17,8.87,5.12,3.26,75.0,73.48,5
U007,6,2026-02-14,Saturday,6,4,3,1,0.6,0.95,0.38,0.3,75.0,57.16,0
U007,6,2026-02-15,Sunday,6,3,2,1,1.34,3.69,0.92,2.32,66.67,54.38,2
U007,7,2026-02-16,Monday,7,8,6,2,3.41,8.14,2.58,4.67,75.0,55.62,2
U007,7,2026-02-17,Tuesday,7,8,6,2,3.76,6.59,2.3,2.65,75.0,61.32,1
U007,7,2026-02-18,Wednesday,7,7,5,2,3.22,5.97,1.63,3.44,71.43,56.44,1
U007,7,2026-02-19,Thursday,7,8,5,3,3.87,8.32,2.27,4.03,62.5,51.83,1
U007,7,2026-02-20,Friday,7,9,5,4,4.62,7.06,3.34,2.68,55.56,64.89,3
U007,7,2026-02-21,Saturday,7,4,2,2,3.21,4.81,1.97,1.21,50.0,54.94,2
U007,7,2026-02-22,Sunday,7,4,2,2,1.54,2.46,0.9,0.67,50.0,42.75,0
U007,8,2026-02-23,Monday,8,6,5,1,4.92,8.05,3.15,3.23,83.33,67.48,2
U007,8,2026-02-24,Tuesday,8,6,5,1,3.58,6.95,1.57,3.14,83.33,61.22,2
U007,8,2026-02-25,Wednesday,8,6,4,2,4.65,7.12,3.16,2.8,66.67,74.52,3
U007,8,2026-02-26,Thursday,8,6,5,1,7.07,10.36,5.3,3.19,83.33,80.74,4
U007,8,2026-02-27,Friday,8,6,5,1,4.79,8.09,4.15,3.54,83.33,71.3,4
U007,8,2026-02-28,Saturday,8,3,1,2,1.85,2.74,1.09,0.85,33.33,46.46,0
U007,8,2026-03-01,Sunday,8,3,1,2,1.36,2.51,1.01,1.33,33.33,37.65,1
U007,9,2026-03-02,Monday,9,7,5,2,3.63,8.14,2.27,4.76,71.43,58.15,2
U007,9,2026-03-03,Tuesday,9,8,6,2,6.72,10.67,3.93,4.4,75.0,80.26,4
U007,9,2026-03-04,Wednesday,9,4,4,0,5.72,9.44,2.91,4.13,100.0,90.72,2
U007,9,2026-03-05,Thursday,9,5,3,2,4.15,7.77,2.42,4.05,60.0,57.41,2
U007,9,2026-03-06,Friday,9,7,6,1,4.27,6.94,2.74,2.48,85.71,76.96,3
U007,9,2026-03-07,Saturday,9,4,3,1,1.64,2.89,1.06,1.15,75.0,58.48,1
U007,9,2026-03-08,Sunday,9,3,2,1,2.32,3.18,1.62,0.61,66.67,67.7,2
U007,10,2026-03-09,Monday,10,8,6,2,5.3,7.7,3.43,2.37,75.0,71.62,3
U007,10,2026-03-10,Tuesday,10,5,5,0,5.53,9.91,3.61,4.53,100.0,94.57,3
U007,10,2026-03-11,Wednesday,10,6,6,0,6.75,10.17,4.3,3.53,100.0,86.86,3
U007,10,2026-03-12,Thursday,10,8,7,1,4.12,6.86,2.78,2.72,87.5,70.8,1
U007,10,2026-03-13,Friday,10,7,5,2,6.03,8.82,4.23,2.71,71.43,72.48,3
U007,10,2026-03-14,Saturday,10,4,3,1,1.2,1.68,0.72,0.65,75.0,65.84,0
U007,10,2026-03-15,Sunday,10,3,2,1,0.27,0.5,0.16,0.21,66.67,55.25,0
U007,11,2026-03-16,Monday,11,7,5,2,4.95,9.09,3.78,4.37,71.43,67.03,2
U007,11,2026-03-17,Tuesday,11,4,4,0,4.75,6.75,3.19,2.43,100.0,84.96,3
U007,11,2026-03-18,Wednesday,11,3,2,1,4.21,6.51,2.64,3.13,66.67,69.39,2
U007,11,2026-03-19,Thursday,11,5,4,1,5.57,7.5,3.8,2.63,80.0,73.79,3
U007,11,2026-03-20,Friday,11,6,5,1,5.02,9.25,3.52,4.81,83.33,69.85,4
U007,11,2026-03-21,Saturday,11,2,2,0,1.2,1.79,0.91,0.91,100.0,71.44,0
U007,11,2026-03-22,Sunday,11,5,4,1,2.2,4.06,1.31,1.92,80.0,67.53,1
U007,12,2026-03-23,Monday,12,6,3,3,3.02,5.9,1.63,2.88,50.0,50.92,1
U007,12,2026-03-24,Tuesday,12,9,9,0,4.91,8.23,2.94,3.37,100.0,73.1,2
U007,12,2026-03-25,Wednesday,12,9,8,1,3.74,5.76,1.95,2.0,88.89,65.99,1
U007,12,2026-03-26,Thursday,12,7,7,0,6.32,10.05,4.33,3.74,100.0,82.49,2
U007,12,2026-03-27,Friday,12,9,7,2,5.5,8.52,3.8,3.25,77.78,66.84,3
U007,12,2026-03-28,Saturday,12,5,3,2,1.32,2.21,0.85,1.34,60.0,54.72,1
U007,12,2026-03-29,Sunday,12,3,2,1,3.12,4.3,2.07,1.01,66.67,59.32,2
U008,1,2026-01-05,Monday,1,6,4,2,4.46,8.01,2.78,4.03,66.67,63.23,3
U008,1,2026-01-06,Tuesday,1,6,4,2,5.38,9.01,3.44,3.3,66.67,67.79,2
U008,1,2026-01-07,Wednesday,1,5,2,3,3.08,6.34,1.95,3.36,40.0,45.93,1
U008,1,2026-01-08,Thursday,1,6,6,0,4.88,7.1,2.21,2.32,100.0,84.78,2
U008,1,2026-01-09,Friday,1,4,3,1,3.99,6.72,2.25,2.75,75.0,63.68,2
U008,1,2026-01-10,Saturday,1,3,1,2,0.46,0.93,0.26,0.33,33.33,43.99,1
U008,1,2026-01-11,Sunday,1,5,2,3,1.03,1.84,0.79,1.54,40.0,43.19,1
U008,2,2026-01-12,Monday,2,8,5,3,4.65,7.64,2.75,3.31,62.5,62.88,2
U008,2,2026-01-13,Tuesday,2,6,5,1,4.7,8.99,3.38,4.47,83.33,64.71,3
U008,2,2026-01-14,Wednesday,2,7,4,3,3.71,5.83,2.3,2.38,57.14,53.28,2
U008,2,2026-01-15,Thursday,2,7,4,3,3.57,6.61,2.56,3.45,57.14,60.69,2
U008,2,2026-01-16,Friday,2,8,4,4,6.81,9.6,4.17,2.84,50.0,69.02,3
U008,2,2026-01-17,Saturday,2,2,1,1,1.28,1.83,1.02,1.01,50.0,44.47,2
U008,2,2026-01-18,Sunday,2,1,0,1,1.36,2.27,0.83,1.24,0.0,27.82,2
U008,3,2026-01-19,Monday,3,5,3,2,5.68,9.68,4.18,4.48,60.0,61.59,3
U008,3,2026-01-20,Tuesday,3,7,4,3,3.39,6.16,2.27,2.84,57.14,59.89,2
U008,3,2026-01-21,Wednesday,3,6,4,2,5.21,8.66,3.65,3.34,66.67,62.62,3
U008,3,2026-01-22,Thursday,3,8,6,2,6.36,9.8,4.01,3.2,75.0,73.01,4
U008,3,2026-01-23,Friday,3,8,6,2,4.0,6.22,2.35,2.55,75.0,61.63,3
U008,3,2026-01-24,Saturday,3,5,3,2,1.75,3.31,1.3,1.95,60.0,40.95,1
U008,3,2026-01-25,Sunday,3,5,4,1,0.87,1.47,0.58,0.77,80.0,64.51,0
U008,4,2026-01-26,Monday,4,6,3,3,5.07,8.05,3.57,3.27,50.0,54.82,4
U008,4,2026-01-27,Tuesday,4,7,5,2,3.9,6.75,1.97,3.04,71.43,62.7,2
U008,4,2026-01-28,Wednesday,4,5,0,5,3.7,8.15,2.57,4.63,0.0,30.3,2
U008,4,2026-01-29,Thursday,4,9,7,2,5.25,8.02,2.93,2.62,77.78,76.6,2
U008,4,2026-01-30,Friday,4,8,4,4,4.31,8.48,2.44,4.37,50.0,55.21,2
U008,4,2026-01-31,Saturday,4,1,0,1,0.79,1.27,0.47,0.43,0.0,23.65,0
U008,4,2026-02-01,Sunday,4,3,2,1,1.07,1.94,0.63,0.95,66.67,49.73,1
U008,5,2026-02-02,Monday,5,6,4,2,4.18,5.8,2.56,1.27,66.67,59.88,2
U008,5,2026-02-03,Tuesday,5,7,5,2,4.3,7.26,2.48,3.53,71.43,66.79,2
U008,5,2026-02-04,Wednesday,5,7,5,2,4.19,8.4,2.53,4.6,71.43,61.03,2
U008,5,2026-02-05,Thursday,5,7,5,2,4.08,7.88,2.7,3.46,71.43,62.3,2
U008,5,2026-02-06,Friday,5,6,4,2,4.46,8.31,3.35,3.67,66.67,59.01,2
U008,5,2026-02-07,Saturday,5,4,3,1,2.61,4.48,1.73,2.17,75.0,52.88,1
U008,5,2026-02-08,Sunday,5,3,2,1,1.08,2.06,0.72,1.16,66.67,53.16,2
U008,6,2026-02-09,Monday,6,5,3,2,5.15,9.11,3.76,4.28,60.0,64.98,2
U008,6,2026-02-10,Tuesday,6,10,6,4,4.84,8.02,2.86,3.44,60.0,54.52,3
U008,6,2026-02-11,Wednesday,6,5,4,1,4.68,8.08,2.88,3.69,80.0,75.09,2
U008,6,2026-02-12,Thursday,6,9,7,2,3.32,6.76,2.23,3.56,77.78,68.17,1
U008,6,2026-02-13,Friday,6,6,3,3,3.36,6.12,2.2,3.3,50.0,48.06,1
U008,6,2026-02-14,Saturday,6,2,0,2,2.31,4.0,1.74,2.13,0.0,21.92,1
U008,6,2026-02-15,Sunday,6,6,5,1,1.7,2.37,1.32,1.31,83.33,64.88,0
U008,7,2026-02-16,Monday,7,9,6,3,3.24,5.7,2.03,3.34,66.67,59.45,1
U008,7,2026-02-17,Tuesday,7,8,5,3,4.03,6.76,2.54,2.9,62.5,72.07,2
U008,7,2026-02-18,Wednesday,7,5,3,2,4.05,6.96,2.58,2.79,60.0,63.95,2
U008,7,2026-02-19,Thursday,7,5,4,1,5.14,7.7,4.06,2.66,80.0,74.53,3
U008,7,2026-02-20,Friday,7,9,6,3,3.67,6.79,2.53,3.33,66.67,56.95,1
U008,7,2026-02-21,Saturday,7,3,1,2,1.08,1.74,0.79,1.23,33.33,41.68,0
U008,7,2026-02-22,Sunday,7,3,3,0,0.72,1.39,0.49,0.35,100.0,73.39,0
U008,8,2026-02-23,Monday,8,8,5,3,5.28,8.78,4.49,3.17,62.5,69.88,4
U008,8,2026-02-24,Tuesday,8,7,5,2,5.98,8.07,4.3,2.13,71.43,72.85,3
U008,8,2026-02-25,Wednesday,8,6,3,3,3.87,6.12,2.39,2.59,50.0,48.54,3
U008,8,2026-02-26,Thursday,8,6,5,1,5.09,8.02,3.2,3.34,83.33,73.25,2
U008,8,2026-02-27,Friday,8,6,4,2,3.13,6.4,2.04,3.72,66.67,54.13,1
U008,8,2026-02-28,Saturday,8,3,1,2,1.07,2.05,0.78,1.02,33.33,36.06,1
U008,8,2026-03-01,Sunday,8,3,3,0,1.73,3.15,1.06,1.47,100.0,73.58,1
U008,9,2026-03-02,Monday,9,7,4,3,4.56,8.07,3.16,2.69,57.14,56.47,2
U008,9,2026-03-03,Tuesday,9,4,4,0,5.21,8.66,3.59,3.96,100.0,84.03,3
U008,9,2026-03-04,Wednesday,9,4,3,1,4.91,7.65,3.4,2.71,75.0,77.04,4
U008,9,2026-03-05,Thursday,9,9,8,1,4.82,7.51,3.17,3.03,88.89,74.29,1
U008,9,2026-03-06,Friday,9,8,5,3,4.77,7.68,3.56,2.99,62.5,66.84,2
U008,9,2026-03-07,Saturday,9,4,2,2,1.99,3.61,1.39,1.93,50.0,57.07,1
U008,9,2026-03-08,Sunday,9,4,4,0,2.58,4.08,1.82,1.33,100.0,76.48,1
U008,10,2026-03-09,Monday,10,6,5,1,5.16,6.91,2.82,1.78,83.33,79.6,1
U008,10,2026-03-10,Tuesday,10,7,7,0,5.31,7.62,3.59,2.67,100.0,81.48,3
U008,10,2026-03-11,Wednesday,10,6,4,2,4.71,7.81,3.48,3.71,66.67,58.3,3
U008,10,2026-03-12,Thursday,10,6,3,3,4.36,8.4,2.92,4.17,50.0,54.32,3
U008,10,2026-03-13,Friday,10,9,6,3,4.15,6.74,3.04,2.25,66.67,65.08,4
U008,10,2026-03-14,Saturday,10,4,3,1,1.78,3.43,1.43,2.31,75.0,61.65,0
U008,10,2026-03-15,Sunday,10,5,4,1,1.23,1.91,0.75,0.77,80.0,59.47,1
U008,11,2026-03-16,Monday,11,8,7,1,4.93,7.85,3.49,2.56,87.5,79.81,4
U008,11,2026-03-17,Tuesday,11,10,6,4,4.03,6.07,2.99,2.3,60.0,62.55,2
U008,11,2026-03-18,Wednesday,11,8,7,1,5.32,7.85,3.81,3.13,87.5,79.17,1
U008,11,2026-03-19,Thursday,11,8,6,2,3.34,7.13,2.17,4.21,75.0,53.1,1
U008,11,2026-03-20,Friday,11,9,7,2,4.86,8.28,3.44,3.8,77.78,72.79,3
U008,11,2026-03-21,Saturday,11,4,3,1,1.59,2.88,1.12,1.58,75.0,59.45,0
U008,11,2026-03-22,Sunday,11,1,1,0,2.72,4.75,1.9,1.66,100.0,73.14,2
U008,12,2026-03-23,Monday,12,9,8,1,5.81,8.46,4.27,2.71,88.89,81.41,2
U008,12,2026-03-24,Tuesday,12,6,3,3,4.38,6.6,3.17,1.79,50.0,58.94,3
U008,12,2026-03-25,Wednesday,12,8,6,2,5.81,8.89,4.3,3.09,75.0,79.55,4
U008,12,2026-03-26,Thursday,12,6,4,2,3.75,7.87,3.11,3.84,66.67,73.98,3
U008,12,2026-03-27,Friday,12,9,7,2,4.28,8.05,2.8,4.04,77.78,62.83,3
U008,12,2026-03-28,Saturday,12,6,4,2,1.14,1.78,0.84,1.36,66.67,63.29,1
U008,12,2026-03-29,Sunday,12,2,2,0,0.3,0.5,0.27,0.0,100.0,73.09,0
U009,1,2026-01-05,Monday,1,6,3,3,5.68,8.69,4.24,2.77,50.0,57.68,3
U009,1,2026-01-06,Tuesday,1,4,3,1,2.99,6.65,2.17,3.99,75.0,59.26,2
U009,1,2026-01-07,Wednesday,1,7,4,3,4.43,7.03,2.79,3.01,57.14,51.1,2
U009,1,2026-01-08,Thursday,1,7,4,3,4.91,7.57,3.64,2.78,57.14,49.33,3
U009,1,2026-01-09,Friday,1,7,5,2,4.29,6.69,2.16,2.71,71.43,70.89,2
U009,1,2026-01-10,Saturday,1,3,3,0,0.27,0.5,0.19,0.51,100.0,66.04,0
U009,1,2026-01-11,Sunday,1,2,1,1,1.27,2.16,0.85,1.34,50.0,51.27,1
U009,2,2026-01-12,Monday,2,3,2,1,3.88,6.14,2.61,2.82,66.67,53.25,1
U009,2,2026-01-13,Tuesday,2,6,3,3,3.27,5.61,2.49,2.22,50.0,50.91,2
U009,2,2026-01-14,Wednesday,2,7,5,2,5.01,7.15,3.48,2.67,71.43,70.15,3
U009,2,2026-01-15,Thursday,2,4,4,0,4.13,7.11,3.13,3.05,100.0,82.46,2
U009,2,2026-01-16,Friday,2,8,6,2,4.95,6.57,2.92,1.8,75.0,64.3,2
U009,2,2026-01-17,Saturday,2,4,2,2,1.78,3.12,1.32,1.75,50.0,49.29,1
U009,2,2026-01-18,Sunday,2,4,3,1,0.43,0.78,0.22,0.05,75.0,57.42,1
U009,3,2026-01-19,Monday,3,8,5,3,3.85,6.81,2.6,2.6,62.5,54.98,2
U009,3,2026-01-20,Tuesday,3,6,4,2,3.97,6.05,2.48,2.36,66.67,60.99,1
U009,3,2026-01-21,Wednesday,3,8,5,3,3.55,5.9,1.75,2.77,62.5,57.04,1
U009,3,2026-01-22,Thursday,3,7,4,3,3.91,7.45,2.42,3.38,57.14,60.81,2
U009,3,2026-01-23,Friday,3,10,5,5,4.75,9.08,3.0,4.72,50.0,60.57,3
U009,3,2026-01-24,Saturday,3,1,0,1,1.54,2.5,1.01,1.31,0.0,26.23,1
U009,3,2026-01-25,Sunday,3,5,3,2,1.82,2.9,1.16,1.92,60.0,47.5,1
U009,4,2026-01-26,Monday,4,5,3,2,7.62,10.32,4.5,2.69,60.0,68.66,3
U009,4,2026-01-27,Tuesday,4,4,2,2,3.21,6.01,2.01,3.29,50.0,44.98,0
U009,4,2026-01-28,Wednesday,4,5,3,2,4.83,8.97,3.41,4.68,60.0,56.44,2
U009,4,2026-01-29,Thursday,4,6,4,2,3.24,5.66,1.85,2.8,66.67,57.18,2
U009,4,2026-01-30,Friday,4,8,4,4,4.04,8.36,2.48,4.66,50.0,53.64,3
U009,4,2026-01-31,Saturday,4,3,2,1,0.34,0.5,0.25,0.23,66.67,59.54,0
U009,4,2026-02-01,Sunday,4,2,2,0,1.93,3.87,1.39,2.18,100.0,72.27,1
U009,5,2026-02-02,Monday,5,5,3,2,3.9,6.25,2.28,2.68,60.0,59.09,2
U009,5,2026-02-03,Tuesday,5,8,4,4,5.19,8.51,3.07,3.73,50.0,58.78,2
U009,5,2026-02-04,Wednesday,5,6,3,3,5.46,9.03,4.08,3.53,50.0,60.08,3
U009,5,2026-02-05,Thursday,5,8,5,3,3.37,7.01,2.52,4.0,62.5,60.76,2
U009,5,2026-02-06,Friday,5,4,3,1,3.95,6.99,2.94,3.14,75.0,59.08,2
U009,5,2026-02-07,Saturday,5,3,3,0,0.92,1.73,0.63,1.03,100.0,67.32,0
U009,5,2026-02-08,Sunday,5,4,3,1,0.85,1.39,0.6,1.04,75.0,56.79,1
U009,6,2026-02-09,Monday,6,5,3,2,5.53,9.11,3.33,4.09,60.0,62.17,3
U009,6,2026-02-10,Tuesday,6,4,3,1,2.77,5.35,1.83,2.87,75.0,67.59,3
U009,6,2026-02-11,Wednesday,6,8,5,3,5.71,7.98,4.23,2.13,62.5,66.64,4
U009,6,2026-02-12,Thursday,6,5,4,1,5.6,10.51,4.05,5.15,80.0,69.52,3
U009,6,2026-02-13,Friday,6,7,4,3,3.41,7.76,2.38,4.58,57.14,52.74,2
U009,6,2026-02-14,Saturday,6,4,3,1,0.42,0.83,0.28,0.16,75.0,62.3,1
U009,6,2026-02-15,Sunday,6,2,2,0,1.68,3.33,1.13,2.65,100.0,73.9,1
U009,7,2026-02-16,Monday,7,5,2,3,4.79,8.12,2.83,2.98,40.0,57.72,2
U009,7,2026-02-17,Tuesday,7,5,2,3,3.93,6.22,2.54,2.68,40.0,43.11,1
U009,7,2026-02-18,Wednesday,7,4,3,1,4.3,6.94,3.3,2.97,75.0,68.43,2
U009,7,2026-02-19,Thursday,7,8,6,2,3.5,6.37,2.5,2.94,75.0,74.88,2
U009,7,2026-02-20,Friday,7,7,6,1,6.57,11.05,3.52,5.09,85.71,72.26,3
U009,7,2026-02-21,Saturday,7,3,1,2,0.77,1.29,0.48,0.58,33.33,31.46,0
U009,7,2026-02-22,Sunday,7,3,1,2,1.5,2.23,1.01,1.5,33.33,39.86,1
U009,8,2026-02-23,Monday,8,7,4,3,4.34,7.26,2.68,3.1,57.14,59.03,3
U009,8,2026-02-24,Tuesday,8,7,5,2,4.6,7.02,3.37,3.02,71.43,71.87,4
U009,8,2026-02-25,Wednesday,8,8,6,2,2.08,3.76,1.58,1.4,75.0,58.49,1
U009,8,2026-02-26,Thursday,8,6,4,2,5.33,7.99,3.09,2.7,66.67,58.91,3
U009,8,2026-02-27,Friday,8,6,5,1,6.88,9.44,3.61,2.43,83.33,75.65,3
U009,8,2026-02-28,Saturday,8,5,3,2,0.82,1.4,0.6,0.72,60.0,47.62,1
U009,8,2026-03-01,Sunday,8,1,0,1,0.97,1.77,0.71,1.01,0.0,31.02,1
U009,9,2026-03-02,Monday,9,8,5,3,4.97,7.14,3.63,2.17,62.5,71.27,4
U009,9,2026-03-03,Tuesday,9,9,7,2,3.65,8.12,2.4,5.33,77.78,56.0,2
U009,9,2026-03-04,Wednesday,9,4,4,0,5.35,8.66,3.11,3.58,100.0,88.8,2
U009,9,2026-03-05,Thursday,9,10,7,3,4.62,8.28,3.57,3.74,70.0,62.68,2
U009,9,2026-03-06,Friday,9,8,6,2,3.39,6.79,2.23,3.94,75.0,61.45,2
U009,9,2026-03-07,Saturday,9,5,4,1,2.47,3.98,1.67,1.07,80.0,57.32,1
U009,9,2026-03-08,Sunday,9,5,3,2,3.03,5.5,2.53,2.24,60.0,61.07,3
U009,10,2026-03-09,Monday,10,7,6,1,4.56,6.83,3.72,2.62,85.71,75.39,3
U009,10,2026-03-10,Tuesday,10,5,5,0,4.18,7.65,2.91,3.64,100.0,78.24,4
U009,10,2026-03-11,Wednesday,10,9,8,1,5.4,7.81,3.35,2.12,88.89,85.41,3
U009,10,2026-03-12,Thursday,10,8,6,2,3.39,6.08,1.42,2.5,75.0,56.35,1
U009,10,2026-03-13,Friday,10,10,7,3,5.07,6.73,2.86,1.71,70.0,67.67,1
U009,10,2026-03-14,Saturday,10,2,2,0,2.45,3.98,1.56,1.85,100.0,72.03,1
U009,10,2026-03-15,Sunday,10,3,1,2,1.4,2.23,1.05,0.95,33.33,40.86,1
U009,11,2026-03-16,Monday,11,10,7,3,2.96,5.85,2.11,2.84,70.0,63.64,1
U009,11,2026-03-17,Tuesday,11,6,5,1,4.43,8.45,3.23,4.15,83.33,71.08,3
U009,11,2026-03-18,Wednesday,11,6,5,1,6.11,10.47,3.3,4.65,83.33,75.08,3
U009,11,2026-03-19,Thursday,11,9,8,1,3.38,5.63,2.14,2.07,88.89,78.79,2
U009,11,2026-03-20,Friday,11,8,6,2,6.93,9.3,4.07,2.66,75.0,83.63,4
U009,11,2026-03-21,Saturday,11,3,2,1,1.17,2.26,0.76,0.83,66.67,55.74,0
U009,11,2026-03-22,Sunday,11,3,1,2,1.68,2.84,1.07,1.45,33.33,36.21,0
U009,12,2026-03-23,Monday,12,7,6,1,2.97,5.3,2.05,2.43,85.71,81.19,2
U009,12,2026-03-24,Tuesday,12,6,5,1,4.17,6.09,2.76,2.1,83.33,72.39,1
U009,12,2026-03-25,Wednesday,12,6,5,1,4.88,8.51,3.04,4.31,83.33,69.18,3
U009,12,2026-03-26,Thursday,12,5,5,0,4.11,6.49,3.02,3.16,100.0,89.99,3
U009,12,2026-03-27,Friday,12,5,4,1,4.21,6.41,2.15,2.33,80.0,58.45,0
U009,12,2026-03-28,Saturday,12,4,2,2,1.03,1.63,0.72,1.09,50.0,48.48,1
U009,12,2026-03-29,Sunday,12,3,3,0,0.76,1.13,0.42,0.76,100.0,65.39,0
U010,1,2026-01-05,Monday,1,5,4,1,3.53,7.22,2.09,4.19,80.0,68.19,1
U010,1,2026-01-06,Tuesday,1,7,3,4,3.77,7.12,2.37,3.4,42.86,51.52,1
U010,1,2026-01-07,Wednesday,1,7,4,3,6.07,10.38,3.6,4.28,57.14,60.51,2
U010,1,2026-01-08,Thursday,1,9,5,4,4.94,8.37,3.36,3.23,55.56,54.59,3
U010,1,2026-01-09,Friday,1,4,3,1,3.72,7.89,2.56,4.27,75.0,72.18,2
U010,1,2026-01-10,Saturday,1,2,2,0,0.52,1.23,0.35,0.77,100.0,69.08,1
U010,1,2026-01-11,Sunday,1,3,2,1,1.43,2.46,1.02,1.2,66.67,48.05,2
U010,2,2026-01-12,Monday,2,8,4,4,2.74,5.21,2.43,3.18,50.0,39.3,1
U010,2,2026-01-13,Tuesday,2,8,5,3,4.02,7.08,2.51,3.16,62.5,61.74,2
U010,2,2026-01-14,Wednesday,2,4,3,1,5.76,9.34,4.58,3.5,75.0,73.44,4
U010,2,2026-01-15,Thursday,2,6,5,1,3.81,7.71,2.96,4.35,83.33,69.03,3
U010,2,2026-01-16,Friday,2,7,4,3,4.39,6.71,3.28,2.57,57.14,58.36,3
U010,2,2026-01-17,Saturday,2,2,2,0,1.43,2.42,1.0,1.29,100.0,72.43,0
U010,2,2026-01-18,Sunday,2,3,3,0,1.36,3.08,1.05,1.88,100.0,68.06,2
U010,3,2026-01-19,Monday,3,6,3,3,5.2,9.3,3.63,4.42,50.0,54.17,3
U010,3,2026-01-20,Tuesday,3,6,3,3,4.24,8.25,2.32,4.75,50.0,57.62,2
U010,3,2026-01-21,Wednesday,3,6,4,2,3.87,6.61,2.65,3.0,66.67,57.77,1
U010,3,2026-01-22,Thursday,3,8,6,2,3.97,6.73,2.75,2.92,75.0,74.31,2
U010,3,2026-01-23,Friday,3,6,4,2,3.22,5.49,2.09,2.62,66.67,55.26,0
U010,3,2026-01-24,Saturday,3,3,1,2,1.94,3.04,1.46,1.31,33.33,35.34,1
U010,3,2026-01-25,Sunday,3,3,2,1,0.67,1.1,0.42,0.83,66.67,61.53,0
U010,4,2026-01-26,Monday,4,9,6,3,3.93,6.63,2.39,2.87,66.67,59.56,2
U010,4,2026-01-27,Tuesday,4,9,6,3,4.27,6.94,2.61,2.3,66.67,69.97,3
U010,4,2026-01-28,Wednesday,4,9,9,0,3.44,6.94,1.96,3.32,100.0,72.3,2
U010,4,2026-01-29,Thursday,4,7,5,2,4.26,6.24,3.09,2.13,71.43,58.43,1
U010,4,2026-01-30,Friday,4,7,4,3,4.93,9.07,3.59,4.87,57.14,58.57,3
U010,4,2026-01-31,Saturday,4,3,2,1,0.96,1.38,0.71,0.61,66.67,57.11,0
U010,4,2026-02-01,Sunday,4,4,4,0,2.61,4.57,1.99,2.21,100.0,78.33,2
U010,5,2026-02-02,Monday,5,5,3,2,3.64,7.42,2.33,3.86,60.0,63.15,2
U010,5,2026-02-03,Tuesday,5,4,3,1,4.25,6.34,2.42,1.94,75.0,61.13,1
U010,5,2026-02-04,Wednesday,5,7,5,2,3.29,7.5,2.46,4.19,71.43,54.34,3
U010,5,2026-02-05,Thursday,5,8,5,3,4.65,7.79,3.09,3.6,62.5,66.74,3
U010,5,2026-02-06,Friday,5,6,5,1,4.04,7.5,2.56,3.34,83.33,65.85,3
U010,5,2026-02-07,Saturday,5,5,4,1,1.09,1.85,0.73,0.73,80.0,61.3,1
U010,5,2026-02-08,Sunday,5,1,1,0,1.57,2.98,0.9,1.76,100.0,75.47,0
U010,6,2026-02-09,Monday,6,6,5,1,4.26,6.77,2.85,2.74,83.33,76.32,3
U010,6,2026-02-10,Tuesday,6,7,3,4,5.25,8.74,3.97,3.55,42.86,51.16,3
U010,6,2026-02-11,Wednesday,6,5,4,1,3.84,7.5,2.16,3.54,80.0,62.33,2
U010,6,2026-02-12,Thursday,6,6,5,1,4.35,7.65,3.12,3.67,83.33,72.73,3
U010,6,2026-02-13,Friday,6,8,5,3,4.63,7.13,3.16,3.26,62.5,66.26,1
U010,6,2026-02-14,Saturday,6,3,2,1,0.61,1.17,0.45,1.03,66.67,55.67,0
U010,6,2026-02-15,Sunday,6,4,4,0,1.37,2.64,0.95,1.57,100.0,65.54,0
U010,7,2026-02-16,Monday,7,6,3,3,5.57,8.22,4.07,2.87,50.0,57.65,3
U010,7,2026-02-17,Tuesday,7,7,5,2,4.37,7.58,3.36,3.26,71.43,66.17,2
U010,7,2026-02-18,Wednesday,7,7,4,3,3.53,6.34,1.67,2.98,57.14,54.83,2
U010,7,2026-02-19,Thursday,7,4,2,2,5.86,9.49,4.14,4.21,50.0,69.94,4
U010,7,2026-02-20,Friday,7,10,7,3,3.99,6.49,2.41,2.29,70.0,66.57,2
U010,7,2026-02-21,Saturday,7,4,2,2,2.87,4.11,1.57,1.87,50.0,51.41,1
U010,7,2026-02-22,Sunday,7,1,0,1,2.14,2.91,1.33,0.79,0.0,28.29,0
U010,8,2026-02-23,Monday,8,6,5,1,5.08,8.63,3.52,3.84,83.33,68.48,3
U010,8,2026-02-24,Tuesday,8,7,5,2,4.8,8.04,3.4,3.49,71.43,63.61,2
U010,8,2026-02-25,Wednesday,8,7,5,2,6.61,8.79,3.87,2.42,71.43,80.18,4
U010,8,2026-02-26,Thursday,8,7,5,2,5.22,9.21,2.77,4.55,71.43,67.39,2
U010,8,2026-02-27,Friday,8,7,5,2,3.83,6.93,2.04,3.07,71.43,69.37,1
U010,8,2026-02-28,Saturday,8,4,3,1,1.99,2.89,1.34,0.81,75.0,60.17,2
U010,8,2026-03-01,Sunday,8,4,2,2,1.63,2.21,1.23,0.33,50.0,45.83,1
U010,9,2026-03-02,Monday,9,4,1,3,4.91,6.91,3.03,2.49,25.0,47.89,3
U010,9,2026-03-03,Tuesday,9,7,6,1,4.33,6.71,2.96,2.93,85.71,78.36,3
U010,9,2026-03-04,Wednesday,9,4,2,2,4.28,6.96,2.85,3.19,50.0,57.27,2
U010,9,2026-03-05,Thursday,9,4,2,2,3.46,7.85,2.25,4.31,50.0,48.44,2
U010,9,2026-03-06,Friday,9,7,4,3,3.7,5.65,2.43,1.53,57.14,76.09,2
U010,9,2026-03-07,Saturday,9,2,2,0,1.2,1.85,0.78,0.71,100.0,76.67,2
U010,9,2026-03-08,Sunday,9,2,1,1,0.59,0.97,0.46,0.71,50.0,46.42,1
U010,10,2026-03-09,Monday,10,8,6,2,5.64,8.76,4.25,3.44,75.0,63.68,5
U010,10,2026-03-10,Tuesday,10,8,6,2,3.93,7.59,2.68,4.28,75.0,64.17,2
U010,10,2026-03-11,Wednesday,10,5,3,2,4.24,6.78,2.89,2.96,60.0,48.34,2
U010,10,2026-03-12,Thursday,10,7,6,1,5.69,8.53,4.06,3.15,85.71,67.11,4
U010,10,2026-03-13,Friday,10,5,3,2,3.8,6.15,2.5,2.65,60.0,59.87,2
U010,10,2026-03-14,Saturday,10,4,3,1,1.37,2.1,0.91,0.91,75.0,69.32,1
U010,10,2026-03-15,Sunday,10,2,1,1,0.56,1.06,0.36,0.49,50.0,50.56,0
U010,11,2026-03-16,Monday,11,6,4,2,4.31,8.17,2.1,4.14,66.67,58.0,1
U010,11,2026-03-17,Tuesday,11,4,3,1,4.03,7.15,2.65,3.7,75.0,67.92,3
U010,11,2026-03-18,Wednesday,11,8,6,2,5.67,9.16,3.31,3.81,75.0,77.81,2
U010,11,2026-03-19,Thursday,11,6,6,0,5.22,7.7,3.43,2.57,100.0,76.74,2
U010,11,2026-03-20,Friday,11,6,4,2,4.14,7.24,2.98,3.51,66.67,63.78,2
U010,11,2026-03-21,Saturday,11,1,1,0,0.34,0.5,0.27,0.27,100.0,63.38,0
U010,11,2026-03-22,Sunday,11,2,1,1,1.54,3.08,1.23,2.57,50.0,51.42,1
U010,12,2026-03-23,Monday,12,9,6,3,4.49,7.77,3.33,3.94,66.67,64.27,2
U010,12,2026-03-24,Tuesday,12,6,4,2,4.06,7.54,2.69,3.83,66.67,58.32,3
U010,12,2026-03-25,Wednesday,12,8,8,0,4.28,7.16,3.29,3.12,100.0,85.16,2
U010,12,2026-03-26,Thursday,12,8,6,2,4.56,6.46,2.99,1.88,75.0,79.16,3
U010,12,2026-03-27,Friday,12,6,5,1,5.21,8.49,2.71,3.27,83.33,77.4,2
U010,12,2026-03-28,Saturday,12,1,0,1,3.59,4.89,2.73,1.26,0.0,33.09,2
U010,12,2026-03-29,Sunday,12,1,0,1,1.24,2.36,0.7,1.25,0.0,23.29,0
