user_id,week,date,day_of_week,week_number,stress_level,energy_level,mood_score,motivation_score,health_score
U001,1,2026-01-05,Monday,1,6,3,4,2,6
U001,1,2026-01-06,Tuesday,1,6,5,4,5,10
U001,1,2026-01-07,Wednesday,1,7,6,1,4,9
U001,1,2026-01-08,Thursday,1,5,5,7,6,10
U001,1,2026-01-09,Friday,1,6,5,6,3,10
U001,1,2026-01-10,Saturday,1,5,6,2,7,10
U001,1,2026-01-11,Sunday,1,5,6,5,7,9
U001,2,2026-01-12,Monday,2,6,6,5,6,9
U001,2,2026-01-13,Tuesday,2,6,6,5,8,8
U001,2,2026-01-14,Wednesday,2,7,6,5,5,7
U001,2,2026-01-15,Thursday,2,8,6,4,6,8
U001,2,2026-01-16,Friday,2,6,4,5,6,8
U001,2,2026-01-17,Saturday,2,4,5,6,7,8
U001,2,2026-01-18,Sunday,2,6,6,2,5,9
U001,3,2026-01-19,Monday,3,6,4,4,7,9
U001,3,2026-01-20,Tuesday,3,6,5,4,6,6
U001,3,2026-01-21,Wednesday,3,7,6,5,3,9
U001,3,2026-01-22,Thursday,3,6,4,4,7,7
U001,3,2026-01-23,Friday,3,6,8,3,7,9
U001,3,2026-01-24,Saturday,3,4,6,3,5,6
U001,3,2026-01-25,Sunday,3,8,8,5,7,7
U001,4,2026-01-26,Monday,4,6,3,5,7,6
U001,4,2026-01-27,Tuesday,4,5,8,3,9,8
U001,4,2026-01-28,Wednesday,4,5,6,3,8,8
U001,4,2026-01-29,Thursday,4,5,3,5,6,7
U001,4,2026-01-30,Friday,4,7,5,1,8,8
U001,4,2026-01-31,Saturday,4,5,7,5,5,8
U001,4,2026-02-01,Sunday,4,5,8,4,8,8
U001,5,2026-02-02,Monday,5,4,7,3,10,10
U001,5,2026-02-03,Tuesday,5,4,5,6,6,8
U001,5,2026-02-04,Wednesday,5,6,6,4,5,9
U001,5,2026-02-05,Thursday,5,5,8,2,8,10
U001,5,2026-02-06,Friday,5,9,8,2,7,9
U001,5,2026-02-07,Saturday,5,5,6,5,8,7
U001,5,2026-02-08,Sunday,5,5,5,5,8,8
U001,6,2026-02-09,Monday,6,8,5,2,4,6
U001,6,2026-02-10,Tuesday,6,8,6,4,7,10
U001,6,2026-02-11,Wednesday,6,7,5,4,8,8
U001,6,2026-02-12,Thursday,6,6,5,4,6,8
U001,6,2026-02-13,Friday,6,2,4,6,6,9
U001,6,2026-02-14,Saturday,6,7,4,7,7,8
U001,6,2026-02-15,Sunday,6,7,7,5,7,10
U001,7,2026-02-16,Monday,7,5,6,5,9,7
U001,7,2026-02-17,Tuesday,7,6,8,4,5,9
U001,7,2026-02-18,Wednesday,7,6,6,4,5,9
U001,7,2026-02-19,Thursday,7,6,3,7,6,8
U001,7,2026-02-20,Friday,7,7,3,3,2,8
U001,7,2026-02-21,Saturday,7,3,4,2,6,8
U001,7,2026-02-22,Sunday,7,5,7,3,8,10
U001,8,2026-02-23,Monday,8,7,5,6,4,8
U001,8,2026-02-24,Tuesday,8,6,4,4,8,8
U001,8,2026-02-25,Wednesday,8,5,6,3,5,7
U001,8,2026-02-26,Thursday,8,6,6,4,7,7
U001,8,2026-02-27,Friday,8,5,4,3,7,9
U001,8,2026-02-28,Saturday,8,5,4,4,6,6
U001,8,2026-03-01,Sunday,8,5,5,8,5,8
U001,9,2026-03-02,Monday,9,4,5,6,7,8
U001,9,2026-03-03,Tuesday,9,5,5,4,6,8
U001,9,2026-03-04,Wednesday,9,6,6,6,5,8
U001,9,2026-03-05,Thursday,9,8,5,1,5,8
U001,9,2026-03-06,Friday,9,8,6,4,8,8
U001,9,2026-03-07,Saturday,9,6,7,5,7,9
U001,9,2026-03-08,Sunday,9,4,4,8,9,8
U001,10,2026-03-09,Monday,10,6,5,3,5,8
U001,10,2026-03-10,Tuesday,10,7,7,3,4,9
U001,10,2026-03-11,Wednesday,10,6,7,7,6,10
U001,10,2026-03-12,Thursday,10,7,6,4,6,7
U001,10,2026-03-13,Friday,10,7,6,3,7,7
U001,10,2026-03-14,Saturday,10,8,6,3,8,6
U001,10,2026-03-15,Sunday,10,3,5,5,10,10
U001,11,2026-03-16,Monday,11,8,4,4,4,8
U001,11,2026-03-17,Tuesday,11,5,7,5,10,7
U001,11,2026-03-18,Wednesday,11,6,4,5,7,8
U001,11,2026-03-19,Thursday,11,8,5,1,9,6
U001,11,2026-03-20,Friday,11,6,5,5,4,8
U001,11,2026-03-21,Saturday,11,5,9,4,8,10
U001,11,2026-03-22,Sunday,11,5,5,2,8,9
U001,12,2026-03-23,Monday,12,6,3,4,3,6
U001,12,2026-03-24,Tuesday,12,4,6,6,7,7
U001,12,2026-03-25,Wednesday,12,4,3,8,6,9
U001,12,2026-03-26,Thursday,12,6,5,6,8,8
U001,12,2026-03-27,Friday,12,5,7,6,7,10
U001,12,2026-03-28,Saturday,12,5,9,3,6,10
U001,12,2026-03-29,Sunday,12,5,8,6,6,10
U002,1,2026-01-05,Monday,1,8,4,3,6,7
U002,1,2026-01-06,Tuesday,1,7,4,4,5,7
U002,1,2026-01-07,Wednesday,1,6,5,5,9,7
U002,1,2026-01-08,Thursday,1,7,6,5,10,9
U002,1,2026-01-09,Friday,1,5,9,4,8,10
U002,1,2026-01-10,Saturday,1,6,6,5,7,9
U002,1,2026-01-11,Sunday,1,6,6,5,6,10
U002,2,2026-01-12,Monday,2,4,3,7,8,9
U002,2,2026-01-13,Tuesday,2,10,7,5,6,9
U002,2,2026-01-14,Wednesday,2,5,4,5,6,10
U002,2,2026-01-15,Thursday,2,7,2,4,6,8
U002,2,2026-01-16,Friday,2,7,5,1,5,7
U002,2,2026-01-17,Saturday,2,6,5,5,8,9
U002,2,2026-01-18,Sunday,2,4,6,6,7,10
U002,3,2026-01-19,Monday,3,6,4,4,6,9
U002,3,2026-01-20,Tuesday,3,6,3,6,4,10
U002,3,2026-01-21,Wednesday,3,4,5,9,6,8
U002,3,2026-01-22,Thursday,3,8,3,1,5,4
U002,3,2026-01-23,Friday,3,5,5,6,8,7
U002,3,2026-01-24,Saturday,3,6,6,7,5,10
U002,3,2026-01-25,Sunday,3,7,6,6,7,8
U002,4,2026-01-26,Monday,4,4,5,2,7,9
U002,4,2026-01-27,Tuesday,4,6,6,7,6,9
U002,4,2026-01-28,Wednesday,4,5,5,3,7,8
U002,4,2026-01-29,Thursday,4,9,3,6,4,8
U002,4,2026-01-30,Friday,4,7,6,4,8,10
U002,4,2026-01-31,Saturday,4,6,6,5,7,10
U002,4,2026-02-01,Sunday,4,6,6,3,7,8
U002,5,2026-02-02,Monday,5,6,2,7,6,8
U002,5,2026-02-03,Tuesday,5,5,7,6,8,10
U002,5,2026-02-04,Wednesday,5,7,5,4,7,8
U002,5,2026-02-05,Thursday,5,6,4,6,8,9
U002,5,2026-02-06,Friday,5,8,6,4,4,8
U002,5,2026-02-07,Saturday,5,7,5,3,5,9
U002,5,2026-02-08,Sunday,5,5,6,4,7,10
U002,6,2026-02-09,Monday,6,7,7,5,7,9
U002,6,2026-02-10,Tuesday,6,5,3,5,10,10
U002,6,2026-02-11,Wednesday,6,6,6,7,7,10
U002,6,2026-02-12,Thursday,6,6,7,6,7,8
U002,6,2026-02-13,Friday,6,6,3,6,6,8
U002,6,2026-02-14,Saturday,6,3,4,5,7,5
U002,6,2026-02-15,Sunday,6,6,7,2,7,8
U002,7,2026-02-16,Monday,7,6,7,4,8,9
U002,7,2026-02-17,Tuesday,7,3,6,5,3,9
U002,7,2026-02-18,Wednesday,7,6,7,3,4,6
U002,7,2026-02-19,Thursday,7,6,5,3,9,10
U002,7,2026-02-20,Friday,7,8,5,2,8,4
U002,7,2026-02-21,Saturday,7,5,6,5,6,7
U002,7,2026-02-22,Sunday,7,5,3,7,7,8
U002,8,2026-02-23,Monday,8,6,5,6,8,6
U002,8,2026-02-24,Tuesday,8,6,5,4,6,7
U002,8,2026-02-25,Wednesday,8,10,5,5,7,8
U002,8,2026-02-26,Thursday,8,7,5,2,5,8
U002,8,2026-02-27,Friday,8,7,5,5,7,10
U002,8,2026-02-28,Saturday,8,5,3,5,7,10
U002,8,2026-03-01,Sunday,8,7,8,3,6,9
U002,9,2026-03-02,Monday,9,3,4,7,6,10
U002,9,2026-03-03,Tuesday,9,6,3,4,8,8
U002,9,2026-03-04,Wednesday,9,6,4,3,4,8
U002,9,2026-03-05,Thursday,9,7,7,5,6,9
U002,9,2026-03-06,Friday,9,7,5,8,6,10
U002,9,2026-03-07,Saturday,9,5,7,5,7,8
U002,9,2026-03-08,Sunday,9,3,7,6,9,10
U002,10,2026-03-09,Monday,10,8,5,3,7,9
U002,10,2026-03-10,Tuesday,10,5,5,2,6,10
U002,10,2026-03-11,Wednesday,10,7,4,5,5,5
U002,10,2026-03-12,Thursday,10,8,3,3,4,7
U002,10,2026-03-13,Friday,10,5,3,5,4,7
U002,10,2026-03-14,Saturday,10,6,5,4,6,8
U002,10,2026-03-15,Sunday,10,8,6,6,10,8
U002,11,2026-03-16,Monday,11,4,4,5,9,10
U002,11,2026-03-17,Tuesday,11,7,5,4,8,10
U002,11,2026-03-18,Wednesday,11,6,7,4,5,10
U002,11,2026-03-19,Thursday,11,5,5,5,6,9
U002,11,2026-03-20,Friday,11,6,5,3,7,7
U002,11,2026-03-21,Saturday,11,4,4,5,6,8
U002,11,2026-03-22,Sunday,11,5,7,7,8,10
U002,12,2026-03-23,Monday,12,4,5,3,6,9
U002,12,2026-03-24,Tuesday,12,8,5,4,4,7
U002,12,2026-03-25,Wednesday,12,6,6,4,7,9
U002,12,2026-03-26,Thursday,12,6,6,4,8,8
U002,12,2026-03-27,Friday,12,9,5,3,9,9
U002,12,2026-03-28,Saturday,12,6,5,7,4,9
U002,12,2026-03-29,Sunday,12,5,7,6,8,9
U003,1,2026-01-05,Monday,1,6,5,5,5,10
U003,1,2026-01-06,Tuesday,1,7,5,4,5,10
U003,1,2026-01-07,Wednesday,1,6,6,4,10,9
U003,1,2026-01-08,Thursday,1,8,5,4,5,10
U003,1,2026-01-09,Friday,1,7,7,8,4,7
U003,1,2026-01-10,Saturday,1,6,6,4,6,6
U003,1,2026-01-11,Sunday,1,6,7,5,9,10
U003,2,2026-01-12,Monday,2,8,7,3,8,10
U003,2,2026-01-13,Tuesday,2,7,6,4,6,9
U003,2,2026-01-14,Wednesday,2,7,1,5,9,7
U003,2,2026-01-15,Thursday,2,4,4,3,7,8
U003,2,2026-01-16,Friday,2,6,3,3,5,6
U003,2,2026-01-17,Saturday,2,6,6,4,8,7
U003,2,2026-01-18,Sunday,2,7,5,9,7,8
U003,3,2026-01-19,Monday,3,5,5,10,8,9
U003,3,2026-01-20,Tuesday,3,5,7,7,8,9
U003,3,2026-01-21,Wednesday,3,9,6,6,7,7
U003,3,2026-01-22,Thursday,3,6,6,7,4,8
U003,3,2026-01-23,Friday,3,7,6,4,7,8
U003,3,2026-01-24,Saturday,3,5,6,7,6,8
U003,3,2026-01-25,Sunday,3,6,8,5,8,9
U003,4,2026-01-26,Monday,4,8,6,5,8,9
U003,4,2026-01-27,Tuesday,4,7,6,3,7,8
U003,4,2026-01-28,Wednesday,4,4,5,7,8,9
U003,4,2026-01-29,Thursday,4,7,8,3,9,10
U003,4,2026-01-30,Friday,4,8,4,4,4,5
U003,4,2026-01-31,Saturday,4,5,9,4,8,10
U003,4,2026-02-01,Sunday,4,3,7,4,6,10
U003,5,2026-02-02,Monday,5,6,5,6,5,10
U003,5,2026-02-03,Tuesday,5,6,4,4,8,8
U003,5,2026-02-04,Wednesday,5,7,6,5,7,9
U003,5,2026-02-05,Thursday,5,6,3,4,7,4
U003,5,2026-02-06,Friday,5,5,8,4,8,9
U003,5,2026-02-07,Saturday,5,7,4,6,7,10
U003,5,2026-02-08,Sunday,5,5,9,6,9,10
U003,6,2026-02-09,Monday,6,5,7,4,7,10
U003,6,2026-02-10,Tuesday,6,5,2,5,8,10
U003,6,2026-02-11,Wednesday,6,6,6,3,7,9
U003,6,2026-02-12,Thursday,6,6,6,3,5,7
U003,6,2026-02-13,Friday,6,6,4,3,6,7
U003,6,2026-02-14,Saturday,6,5,6,4,8,7
U003,6,2026-02-15,Sunday,6,7,8,6,7,9
U003,7,2026-02-16,Monday,7,8,8,7,7,7
U003,7,2026-02-17,Tuesday,7,7,4,3,6,9
U003,7,2026-02-18,Wednesday,7,5,6,6,8,9
U003,7,2026-02-19,Thursday,7,7,7,4,4,5
U003,7,2026-02-20,Friday,7,5,8,4,10,10
U003,7,2026-02-21,Saturday,7,7,6,6,8,7
U003,7,2026-02-22,Sunday,7,7,7,4,10,9
U003,8,2026-02-23,Monday,8,8,5,2,4,7
U003,8,2026-02-24,Tuesday,8,7,5,6,8,9
U003,8,2026-02-25,Wednesday,8,7,6,6,9,10
U003,8,2026-02-26,Thursday,8,7,6,5,7,10
U003,8,2026-02-27,Friday,8,5,5,4,5,8
U003,8,2026-02-28,Saturday,8,6,7,6,5,10
U003,8,2026-03-01,Sunday,8,8,8,4,8,9
U003,9,2026-03-02,Monday,9,5,8,5,10,9
U003,9,2026-03-03,Tuesday,9,5,5,6,5,9
U003,9,2026-03-04,Wednesday,9,8,5,3,6,7
U003,9,2026-03-05,Thursday,9,8,6,7,6,10
U003,9,2026-03-06,Friday,9,5,5,5,7,6
U003,9,2026-03-07,Saturday,9,6,6,5,9,9
U003,9,2026-03-08,Sunday,9,6,6,4,8,9
U003,10,2026-03-09,Monday,10,6,5,5,7,6
U003,10,2026-03-10,Tuesday,10,4,4,7,6,8
U003,10,2026-03-11,Wednesday,10,8,7,2,5,10
U003,10,2026-03-12,Thursday,10,6,6,5,7,9
U003,10,2026-03-13,Friday,10,5,8,5,7,10
U003,10,2026-03-14,Saturday,10,6,8,6,8,10
U003,10,2026-03-15,Sunday,10,5,5,4,8,6
U003,11,2026-03-16,Monday,11,6,7,5,6,8
U003,11,2026-03-17,Tuesday,11,8,5,4,9,10
U003,11,2026-03-18,Wednesday,11,8,5,5,6,8
U003,11,2026-03-19,Thursday,11,8,5,4,7,7
U003,11,2026-03-20,Friday,11,7,3,4,6,7
U003,11,2026-03-21,Saturday,11,7,6,7,7,9
U003,11,2026-03-22,Sunday,11,7,6,3,4,6
U003,12,2026-03-23,Monday,12,8,6,3,5,9
U003,12,2026-03-24,Tuesday,12,7,6,5,7,8
U003,12,2026-03-25,Wednesday,12,6,7,2,8,9
U003,12,2026-03-26,Thursday,12,7,6,3,7,9
U003,12,2026-03-27,Friday,12,5,4,4,7,9
U003,12,2026-03-28,Saturday,12,6,5,2,10,10
U003,12,2026-03-29,Sunday,12,4,6,5,8,9
U004,1,2026-01-05,Monday,1,4,4,3,5,5
U004,1,2026-01-06,Tuesday,1,5,7,6,7,8
U004,1,2026-01-07,Wednesday,1,6,8,6,7,10
U004,1,2026-01-08,Thursday,1,6,6,6,7,9
U004,1,2026-01-09,Friday,1,8,7,2,6,8
U004,1,2026-01-10,Saturday,1,7,6,6,7,7
U004,1,2026-01-11,Sunday,1,4,6,5,6,8
U004,2,2026-01-12,Monday,2,6,4,7,4,7
U004,2,2026-01-13,Tuesday,2,8,5,4,3,8
U004,2,2026-01-14,Wednesday,2,4,5,3,6,9
U004,2,2026-01-15,Thursday,2,8,5,6,6,6
U004,2,2026-01-16,Friday,2,6,4,5,3,6
U004,2,2026-01-17,Saturday,2,7,5,6,8,4
U004,2,2026-01-18,Sunday,2,5,8,4,4,9
U004,3,2026-01-19,Monday,3,6,7,5,7,8
U004,3,2026-01-20,Tuesday,3,4,4,7,5,10
U004,3,2026-01-21,Wednesday,3,8,5,5,7,5
U004,3,2026-01-22,Thursday,3,6,7,5,7,8
U004,3,2026-01-23,Friday,3,6,4,4,5,8
U004,3,2026-01-24,Saturday,3,5,5,5,4,10
U004,3,2026-01-25,Sunday,3,3,4,6,8,8
U004,4,2026-01-26,Monday,4,4,4,7,6,6
U004,4,2026-01-27,Tuesday,4,4,8,6,7,8
U004,4,2026-01-28,Wednesday,4,9,4,4,5,8
U004,4,2026-01-29,Thursday,4,7,4,4,6,7
U004,4,2026-01-30,Friday,4,8,5,4,7,8
U004,4,2026-01-31,Saturday,4,6,6,5,5,7
U004,4,2026-02-01,Sunday,4,7,8,3,7,8
U004,5,2026-02-02,Monday,5,6,4,3,6,8
U004,5,2026-02-03,Tuesday,5,6,5,3,6,4
U004,5,2026-02-04,Wednesday,5,6,5,6,6,10
U004,5,2026-02-05,Thursday,5,7,5,4,6,7
U004,5,2026-02-06,Friday,5,6,4,5,7,8
U004,5,2026-02-07,Saturday,5,6,4,4,7,7
U004,5,2026-02-08,Sunday,5,6,7,6,9,9
U004,6,2026-02-09,Monday,6,5,8,8,5,9
U004,6,2026-02-10,Tuesday,6,6,7,3,9,10
U004,6,2026-02-11,Wednesday,6,5,5,7,6,8
U004,6,2026-02-12,Thursday,6,7,4,6,4,7
U004,6,2026-02-13,Friday,6,5,5,7,7,8
U004,6,2026-02-14,Saturday,6,5,7,3,8,9
U004,6,2026-02-15,Sunday,6,5,8,4,7,9
U004,7,2026-02-16,Monday,7,5,7,4,7,10
U004,7,2026-02-17,Tuesday,7,5,6,4,6,10
U004,7,2026-02-18,Wednesday,7,6,3,4,5,8
U004,7,2026-02-19,Thursday,7,4,5,6,7,8
U004,7,2026-02-20,Friday,7,4,4,6,6,8
U004,7,2026-02-21,Saturday,7,7,3,5,5,7
U004,7,2026-02-22,Sunday,7,4,5,7,8,8
U004,8,2026-02-23,Monday,8,5,5,7,8,10
U004,8,2026-02-24,Tuesday,8,6,4,5,9,5
U004,8,2026-02-25,Wednesday,8,4,5,6,6,7
U004,8,2026-02-26,Thursday,8,7,4,5,5,7
U004,8,2026-02-27,Friday,8,8,5,4,5,7
U004,8,2026-02-28,Saturday,8,3,7,9,6,6
U004,8,2026-03-01,Sunday,8,2,7,8,5,9
U004,9,2026-03-02,Monday,9,7,4,2,7,10
U004,9,2026-03-03,Tuesday,9,6,8,3,6,8
U004,9,2026-03-04,Wednesday,9,5,4,8,6,7
U004,9,2026-03-05,Thursday,9,5,5,6,6,10
U004,9,2026-03-06,Friday,9,6,6,4,8,9
U004,9,2026-03-07,Saturday,9,5,6,3,3,8
U004,9,2026-03-08,Sunday,9,6,7,9,6,9
U004,10,2026-03-09,Monday,10,3,5,6,8,10
U004,10,2026-03-10,Tuesday,10,5,4,6,6,8
U004,10,2026-03-11,Wednesday,10,5,3,8,7,7
U004,10,2026-03-12,Thursday,10,7,5,2,4,8
U004,10,2026-03-13,Friday,10,4,8,4,10,7
U004,10,2026-03-14,Saturday,10,4,6,6,6,10
U004,10,2026-03-15,Sunday,10,2,7,5,6,6
U004,11,2026-03-16,Monday,11,6,5,5,8,7
U004,11,2026-03-17,Tuesday,11,4,5,5,6,9
U004,11,2026-03-18,Wednesday,11,5,4,8,6,8
U004,11,2026-03-19,Thursday,11,5,5,3,9,10
U004,11,2026-03-20,Friday,11,5,6,3,6,8
U004,11,2026-03-21,Saturday,11,2,5,6,8,7
U004,11,2026-03-22,Sunday,11,6,6,4,7,8
U004,12,2026-03-23,Monday,12,5,4,5,3,7
U004,12,2026-03-24,Tuesday,12,8,6,7,7,9
U004,12,2026-03-25,Wednesday,12,6,6,6,6,6
U004,12,2026-03-26,Thursday,12,6,7,6,7,10
U004,12,2026-03-27,Friday,12,5,6,6,7,6
U004,12,2026-03-28,Saturday,12,7,7,3,8,7
U004,12,2026-03-29,Sunday,12,6,6,5,8,7
U005,1,2026-01-05,Monday,1,5,7,3,7,10
U005,1,2026-01-06,Tuesday,1,6,5,2,4,7
U005,1,2026-01-07,Wednesday,1,8,4,4,5,10
U005,1,2026-01-08,Thursday,1,3,4,4,8,8
U005,1,2026-01-09,Friday,1,6,5,4,6,7
U005,1,2026-01-10,Saturday,1,7,8,1,7,6
U005,1,2026-01-11,Sunday,1,7,5,4,6,10
U005,2,2026-01-12,Monday,2,7,1,3,5,7
U005,2,2026-01-13,Tuesday,2,7,6,3,8,7
U005,2,2026-01-14,Wednesday,2,5,6,4,7,7
U005,2,2026-01-15,Thursday,2,8,5,2,7,8
U005,2,2026-01-16,Friday,2,7,5,1,6,6
U005,2,2026-01-17,Saturday,2,6,3,6,6,9
U005,2,2026-01-18,Sunday,2,5,9,6,8,10
U005,3,2026-01-19,Monday,3,7,6,2,7,9
U005,3,2026-01-20,Tuesday,3,6,6,2,6,8
U005,3,2026-01-21,Wednesday,3,6,7,3,6,9
U005,3,2026-01-22,Thursday,3,6,7,1,9,10
U005,3,2026-01-23,Friday,3,8,6,2,10,6
U005,3,2026-01-24,Saturday,3,5,1,2,6,5
U005,3,2026-01-25,Sunday,3,4,5,5,7,10
U005,4,2026-01-26,Monday,4,5,4,5,6,8
U005,4,2026-01-27,Tuesday,4,6,5,3,7,9
U005,4,2026-01-28,Wednesday,4,7,5,6,6,8
U005,4,2026-01-29,Thursday,4,2,4,4,8,9
U005,4,2026-01-30,Friday,4,3,5,4,7,9
U005,4,2026-01-31,Saturday,4,5,1,7,4,8
U005,4,2026-02-01,Sunday,4,5,7,3,7,8
U005,5,2026-02-02,Monday,5,6,5,3,7,7
U005,5,2026-02-03,Tuesday,5,6,5,4,6,7
U005,5,2026-02-04,Wednesday,5,5,6,3,7,7
U005,5,2026-02-05,Thursday,5,5,4,4,8,8
U005,5,2026-02-06,Friday,5,8,2,3,5,7
U005,5,2026-02-07,Saturday,5,4,6,3,8,8
U005,5,2026-02-08,Sunday,5,7,5,3,10,10
U005,6,2026-02-09,Monday,6,7,3,7,7,7
U005,6,2026-02-10,Tuesday,6,5,4,4,3,6
U005,6,2026-02-11,Wednesday,6,6,7,4,10,8
U005,6,2026-02-12,Thursday,6,5,5,4,7,6
U005,6,2026-02-13,Friday,6,4,6,4,7,9
U005,6,2026-02-14,Saturday,6,5,6,5,8,10
U005,6,2026-02-15,Sunday,6,7,6,3,6,9
U005,7,2026-02-16,Monday,7,6,7,6,7,6
U005,7,2026-02-17,Tuesday,7,9,5,3,6,7
U005,7,2026-02-18,Wednesday,7,5,7,3,7,8
U005,7,2026-02-19,Thursday,7,5,2,6,9,8
U005,7,2026-02-20,Friday,7,6,2,5,8,7
U005,7,2026-02-21,Saturday,7,5,8,6,8,10
U005,7,2026-02-22,Sunday,7,3,5,6,6,10
U005,8,2026-02-23,Monday,8,7,6,3,6,10
U005,8,2026-02-24,Tuesday,8,4,7,6,7,10
U005,8,2026-02-25,Wednesday,8,3,6,3,6,10
U005,8,2026-02-26,Thursday,8,6,4,4,8,9
U005,8,2026-02-27,Friday,8,5,4,3,5,7
U005,8,2026-02-28,Saturday,8,5,7,4,6,10
U005,8,2026-03-01,Sunday,8,7,7,5,5,7
U005,9,2026-03-02,Monday,9,5,7,4,7,8
U005,9,2026-03-03,Tuesday,9,5,9,1,7,10
U005,9,2026-03-04,Wednesday,9,4,5,5,10,8
U005,9,2026-03-05,Thursday,9,4,5,5,6,9
U005,9,2026-03-06,Friday,9,5,6,6,9,10
U005,9,2026-03-07,Saturday,9,6,7,5,6,10
U005,9,2026-03-08,Sunday,9,5,6,5,9,9
U005,10,2026-03-09,Monday,10,7,3,5,7,8
U005,10,2026-03-10,Tuesday,10,8,5,4,5,10
U005,10,2026-03-11,Wednesday,10,6,4,5,6,8
U005,10,2026-03-12,Thursday,10,5,5,4,5,9
U005,10,2026-03-13,Friday,10,5,5,6,6,9
U005,10,2026-03-14,Saturday,10,5,6,4,4,7
U005,10,2026-03-15,Sunday,10,4,6,5,5,9
U005,11,2026-03-16,Monday,11,7,6,6,7,8
U005,11,2026-03-17,Tuesday,11,6,5,3,7,8
U005,11,2026-03-18,Wednesday,11,7,4,7,4,8
U005,11,2026-03-19,Thursday,11,7,8,2,5,10
U005,11,2026-03-20,Friday,11,7,6,2,8,7
U005,11,2026-03-21,Saturday,11,5,6,5,6,7
U005,11,2026-03-22,Sunday,11,6,5,4,7,8
U005,12,2026-03-23,Monday,12,8,6,3,5,7
U005,12,2026-03-24,Tuesday,12,6,7,2,8,9
U005,12,2026-03-25,Wednesday,12,5,6,4,7,10
U005,12,2026-03-26,Thursday,12,8,7,2,5,9
U005,12,2026-03-27,Friday,12,6,6,3,6,8
U005,12,2026-03-28,Saturday,12,5,4,7,6,9
U005,12,2026-03-29,Sunday,12,6,5,4,5,9
U006,1,2026-01-05,Monday,1,6,5,4,10,9
U006,1,2026-01-06,Tuesday,1,8,4,3,8,6
U006,1,2026-01-07,Wednesday,1,6,5,3,5,10
U006,1,2026-01-08,Thursday,1,7,6,5,9,8
U006,1,2026-01-09,Friday,1,4,6,4,7,7
U006,1,2026-01-10,Saturday,1,5,6,3,7,9
U006,1,2026-01-11,Sunday,1,6,6,4,8,7
U006,2,2026-01-12,Monday,2,6,4,3,6,7
U006,2,2026-01-13,Tuesday,2,6,7,2,6,8
U006,2,2026-01-14,Wednesday,2,9,6,1,5,7
U006,2,2026-01-15,Thursday,2,5,4,7,7,8
U006,2,2026-01-16,Friday,2,6,5,4,7,8
U006,2,2026-01-17,Saturday,2,7,7,6,9,8
U006,2,2026-01-18,Sunday,2,8,5,4,7,7
U006,3,2026-01-19,Monday,3,5,6,1,6,7
U006,3,2026-01-20,Tuesday,3,7,7,2,9,8
U006,3,2026-01-21,Wednesday,3,7,7,1,8,9
U006,3,2026-01-22,Thursday,3,6,5,5,4,8
U006,3,2026-01-23,Friday,3,6,5,3,7,9
U006,3,2026-01-24,Saturday,3,7,6,1,9,8
U006,3,2026-01-25,Sunday,3,5,6,3,6,7
U006,4,2026-01-26,Monday,4,7,6,3,7,8
U006,4,2026-01-27,Tuesday,4,7,3,5,7,6
U006,4,2026-01-28,Wednesday,4,5,5,6,7,10
U006,4,2026-01-29,Thursday,4,10,6,4,7,9
U006,4,2026-01-30,Friday,4,8,5,4,5,9
U006,4,2026-01-31,Saturday,4,5,5,3,6,6
U006,4,2026-02-01,Sunday,4,7,6,2,8,8
U006,5,2026-02-02,Monday,5,6,7,4,6,9
U006,5,2026-02-03,Tuesday,5,6,8,5,6,10
U006,5,2026-02-04,Wednesday,5,8,6,3,6,7
U006,5,2026-02-05,Thursday,5,7,7,5,6,8
U006,5,2026-02-06,Friday,5,7,8,5,5,10
U006,5,2026-02-07,Saturday,5,5,6,4,4,10
U006,5,2026-02-08,Sunday,5,4,5,5,6,6
U006,6,2026-02-09,Monday,6,8,5,5,5,8
U006,6,2026-02-10,Tuesday,6,7,5,6,4,7
U006,6,2026-02-11,Wednesday,6,6,4,5,6,8
U006,6,2026-02-12,Thursday,6,7,7,5,6,6
U006,6,2026-02-13,Friday,6,5,6,4,6,10
U006,6,2026-02-14,Saturday,6,4,4,6,8,7
U006,6,2026-02-15,Sunday,6,7,7,2,8,6
U006,7,2026-02-16,Monday,7,5,5,4,6,7
U006,7,2026-02-17,Tuesday,7,10,5,5,6,8
U006,7,2026-02-18,Wednesday,7,6,5,2,6,5
U006,7,2026-02-19,Thursday,7,5,5,3,5,9
U006,7,2026-02-20,Friday,7,8,5,1,10,7
U006,7,2026-02-21,Saturday,7,3,5,5,6,9
U006,7,2026-02-22,Sunday,7,6,5,7,6,9
U006,8,2026-02-23,Monday,8,5,5,2,10,8
U006,8,2026-02-24,Tuesday,8,6,4,3,6,8
U006,8,2026-02-25,Wednesday,8,7,5,5,5,8
U006,8,2026-02-26,Thursday,8,5,5,4,5,7
U006,8,2026-02-27,Friday,8,7,6,5,7,6
U006,8,2026-02-28,Saturday,8,7,7,3,7,10
U006,8,2026-03-01,Sunday,8,5,7,5,7,8
U006,9,2026-03-02,Monday,9,4,7,6,7,8
U006,9,2026-03-03,Tuesday,9,6,5,4,8,8
U006,9,2026-03-04,Wednesday,9,7,8,6,7,9
U006,9,2026-03-05,Thursday,9,6,5,4,6,8
U006,9,2026-03-06,Friday,9,6,4,5,6,8
U006,9,2026-03-07,Saturday,9,4,4,6,7,8
U006,9,2026-03-08,Sunday,9,5,7,6,9,9
U006,10,2026-03-09,Monday,10,7,3,6,6,6
U006,10,2026-03-10,Tuesday,10,6,6,3,9,9
U006,10,2026-03-11,Wednesday,10,7,4,4,4,8
U006,10,2026-03-12,Thursday,10,6,5,5,6,8
U006,10,2026-03-13,Friday,10,5,5,5,6,9
U006,10,2026-03-14,Saturday,10,8,5,3,7,10
U006,10,2026-03-15,Sunday,10,5,6,5,6,10
U006,11,2026-03-16,Monday,11,4,5,4,5,9
U006,11,2026-03-17,Tuesday,11,8,7,3,7,8
U006,11,2026-03-18,Wednesday,11,6,6,3,9,7
U006,11,2026-03-19,Thursday,11,7,7,4,5,10
U006,11,2026-03-20,Friday,11,6,7,5,10,8
U006,11,2026-03-21,Saturday,11,10,4,6,8,7
U006,11,2026-03-22,Sunday,11,5,7,3,6,8
U006,12,2026-03-23,Monday,12,5,10,5,10,10
U006,12,2026-03-24,Tuesday,12,5,7,2,6,10
U006,12,2026-03-25,Wednesday,12,7,5,3,6,6
U006,12,2026-03-26,Thursday,12,7,9,1,8,10
U006,12,2026-03-27,Friday,12,5,6,4,6,8
U006,12,2026-03-28,Saturday,12,7,5,7,6,10
U006,12,2026-03-29,Sunday,12,7,6,4,7,7
U007,1,2026-01-05,Monday,1,5,5,4,6,8
U007,1,2026-01-06,Tuesday,1,8,2,2,6,9
U007,1,2026-01-07,Wednesday,1,5,6,4,8,8
U007,1,2026-01-08,Thursday,1,6,5,4,5,6
U007,1,2026-01-09,Friday,1,8,4,3,6,6
U007,1,2026-01-10,Saturday,1,6,7,3,7,10
U007,1,2026-01-11,Sunday,1,6,7,6,7,8
U007,2,2026-01-12,Monday,2,5,5,4,5,8
U007,2,2026-01-13,Tuesday,2,7,5,2,7,10
U007,2,2026-01-14,Wednesday,2,7,6,4,7,9
U007,2,2026-01-15,Thursday,2,8,5,6,6,5
U007,2,2026-01-16,Friday,2,7,7,3,5,9
U007,2,2026-01-17,Saturday,2,7,5,3,8,10
U007,2,2026-01-18,Sunday,2,6,7,5,7,9
U007,3,2026-01-19,Monday,3,6,5,4,6,8
U007,3,2026-01-20,Tuesday,3,8,5,3,7,9
U007,3,2026-01-21,Wednesday,3,7,5,4,9,9
U007,3,2026-01-22,Thursday,3,7,4,3,6,8
U007,3,2026-01-23,Friday,3,7,5,6,6,8
U007,3,2026-01-24,Saturday,3,7,8,5,9,8
U007,3,2026-01-25,Sunday,3,5,6,5,5,8
U007,4,2026-01-26,Monday,4,6,5,1,7,9
U007,4,2026-01-27,Tuesday,4,5,7,5,7,8
U007,4,2026-01-28,Wednesday,4,5,4,5,6,10
U007,4,2026-01-29,Thursday,4,6,5,7,6,8
U007,4,2026-01-30,Friday,4,8,4,4,7,6
U007,4,2026-01-31,Saturday,4,5,7,6,8,10
U007,4,2026-02-01,Sunday,4,4,7,3,9,10
U007,5,2026-02-02,Monday,5,7,4,4,8,9
U007,5,2026-02-03,Tuesday,5,4,6,4,7,10
U007,5,2026-02-04,Wednesday,5,7,3,5,8,8
U007,5,2026-02-05,Thursday,5,4,6,6,4,9
U007,5,2026-02-06,Friday,5,6,7,7,9,10
U007,5,2026-02-07,Saturday,5,5,6,4,8,6
U007,5,2026-02-08,Sunday,5,6,6,3,8,10
U007,6,2026-02-09,Monday,6,7,4,5,6,8
U007,6,2026-02-10,Tuesday,6,9,4,5,6,8
U007,6,2026-02-11,Wednesday,6,5,5,5,5,10
U007,6,2026-02-12,Thursday,6,7,5,3,9,8
U007,6,2026-02-13,Friday,6,8,7,4,8,10
U007,6,2026-02-14,Saturday,6,7,6,5,5,9
U007,6,2026-02-15,Sunday,6,6,5,5,8,4
U007,7,2026-02-16,Monday,7,8,6,3,7,5
U007,7,2026-02-17,Tuesday,7,8,5,5,5,8
U007,7,2026-02-18,Wednesday,7,7,4,4,5,7
U007,7,2026-02-19,Thursday,7,8,5,2,7,5
U007,7,2026-02-20,Friday,7,8,5,1,6,9
U007,7,2026-02-21,Saturday,7,6,4,4,9,9
U007,7,2026-02-22,Sunday,7,6,5,4,7,9
U007,8,2026-02-23,Monday,8,6,7,4,8,9
U007,8,2026-02-24,Tuesday,8,6,5,5,6,7
U007,8,2026-02-25,Wednesday,8,6,3,5,6,9
U007,8,2026-02-26,Thursday,8,6,6,5,10,10
U007,8,2026-02-27,Friday,8,6,5,7,7,9
U007,8,2026-02-28,Saturday,8,6,5,4,7,10
U007,8,2026-03-01,Sunday,8,6,7,3,7,8
U007,9,2026-03-02,Monday,9,6,4,5,7,5
U007,9,2026-03-03,Tuesday,9,7,3,7,10,9
U007,9,2026-03-04,Wednesday,9,4,4,7,9,9
U007,9,2026-03-05,Thursday,9,5,6,3,8,7
U007,9,2026-03-06,Friday,9,7,6,6,6,9
U007,9,2026-03-07,Saturday,9,6,7,5,8,8
U007,9,2026-03-08,Sunday,9,5,8,4,8,10
U007,10,2026-03-09,Monday,10,7,5,5,7,10
U007,10,2026-03-10,Tuesday,10,5,6,7,10,8
U007,10,2026-03-11,Wednesday,10,6,6,7,10,10
U007,10,2026-03-12,Thursday,10,7,5,6,6,8
U007,10,2026-03-13,Friday,10,6,8,2,9,10
U007,10,2026-03-14,Saturday,10,7,7,3,6,10
U007,10,2026-03-15,Sunday,10,5,7,4,4,8
U007,11,2026-03-16,Monday,11,6,4,4,8,7
U007,11,2026-03-17,Tuesday,11,4,8,6,7,10
U007,11,2026-03-18,Wednesday,11,3,6,5,6,10
U007,11,2026-03-19,Thursday,11,4,7,5,8,10
U007,11,2026-03-20,Friday,11,6,4,6,9,7
U007,11,2026-03-21,Saturday,11,4,7,8,7,10
U007,11,2026-03-22,Sunday,11,7,8,5,9,8
U007,12,2026-03-23,Monday,12,5,5,2,5,7
U007,12,2026-03-24,Tuesday,12,8,8,6,8,9
U007,12,2026-03-25,Wednesday,12,8,5,7,4,9
U007,12,2026-03-26,Thursday,12,7,9,4,10,10
U007,12,2026-03-27,Friday,12,8,5,3,8,9
U007,12,2026-03-28,Saturday,12,7,7,3,7,8
U007,12,2026-03-29,Sunday,12,6,5,6,9,10
U008,1,2026-01-05,Monday,1,5,4,7,7,8
U008,1,2026-01-06,Tuesday,1,6,1,7,7,7
U008,1,2026-01-07,Wednesday,1,5,1,5,4,5
U008,1,2026-01-08,Thursday,1,6,8,7,6,10
U008,1,2026-01-09,Friday,1,4,8,5,6,9
U008,1,2026-01-10,Saturday,1,5,7,2,5,7
U008,1,2026-01-11,Sunday,1,7,6,2,5,7
U008,2,2026-01-12,Monday,2,7,6,4,6,8
U008,2,2026-01-13,Tuesday,2,5,6,6,8,7
U008,2,2026-01-14,Wednesday,2,7,4,4,4,8
U008,2,2026-01-15,Thursday,2,6,3,4,5,6
U008,2,2026-01-16,Friday,2,7,4,2,8,9
U008,2,2026-01-17,Saturday,2,4,7,5,6,10
U008,2,2026-01-18,Sunday,2,3,5,6,6,9
U008,3,2026-01-19,Monday,3,5,5,5,9,8
U008,3,2026-01-20,Tuesday,3,6,4,5,4,7
U008,3,2026-01-21,Wednesday,3,5,7,4,8,9
U008,3,2026-01-22,Thursday,3,7,4,7,8,9
U008,3,2026-01-23,Friday,3,7,5,5,5,9
U008,3,2026-01-24,Saturday,3,7,6,4,7,7
U008,3,2026-01-25,Sunday,3,6,8,6,6,9
U008,4,2026-01-26,Monday,4,5,4,4,7,8
U008,4,2026-01-27,Tuesday,4,6,5,5,5,8
U008,4,2026-01-28,Wednesday,4,5,3,1,7,4
U008,4,2026-01-29,Thursday,4,8,6,4,7,9
U008,4,2026-01-30,Friday,4,7,6,1,7,6
U008,4,2026-01-31,Saturday,4,3,5,4,5,9
U008,4,2026-02-01,Sunday,4,5,6,6,6,8
U008,5,2026-02-02,Monday,5,5,5,5,4,10
U008,5,2026-02-03,Tuesday,5,6,5,4,6,8
U008,5,2026-02-04,Wednesday,5,6,6,4,7,6
U008,5,2026-02-05,Thursday,5,6,4,7,6,6
U008,5,2026-02-06,Friday,5,5,4,5,7,7
U008,5,2026-02-07,Saturday,5,6,7,4,9,8
U008,5,2026-02-08,Sunday,5,5,5,6,6,7
U008,6,2026-02-09,Monday,6,5,6,4,8,8
U008,6,2026-02-10,Tuesday,6,9,2,4,5,7
U008,6,2026-02-11,Wednesday,6,4,3,7,7,8
U008,6,2026-02-12,Thursday,6,8,5,5,5,6
U008,6,2026-02-13,Friday,6,5,4,4,5,7
U008,6,2026-02-14,Saturday,6,4,6,4,8,8
U008,6,2026-02-15,Sunday,6,7,7,6,6,10
U008,7,2026-02-16,Monday,7,7,2,7,3,7
U008,7,2026-02-17,Tuesday,7,6,4,4,5,7
U008,7,2026-02-18,Wednesday,7,4,6,2,6,8
U008,7,2026-02-19,Thursday,7,4,5,5,7,9
U008,7,2026-02-20,Friday,7,7,5,5,5,7
U008,7,2026-02-21,Saturday,7,4,6,4,6,9
U008,7,2026-02-22,Sunday,7,5,5,7,5,7
U008,8,2026-02-23,Monday,8,6,3,5,7,7
U008,8,2026-02-24,Tuesday,8,6,5,4,7,10
U008,8,2026-02-25,Wednesday,8,5,5,3,5,8
U008,8,2026-02-26,Thursday,8,5,7,6,7,9
U008,8,2026-02-27,Friday,8,5,6,4,5,6
U008,8,2026-02-28,Saturday,8,5,5,4,6,6
U008,8,2026-03-01,Sunday,8,5,6,7,7,8
U008,9,2026-03-02,Monday,9,6,5,3,7,7
U008,9,2026-03-03,Tuesday,9,3,5,7,8,9
U008,9,2026-03-04,Wednesday,9,3,4,6,7,9
U008,9,2026-03-05,Thursday,9,7,6,5,6,9
U008,9,2026-03-06,Friday,9,6,5,4,6,8
U008,9,2026-03-07,Saturday,9,5,6,4,8,7
U008,9,2026-03-08,Sunday,9,5,9,6,9,10
U008,10,2026-03-09,Monday,10,4,8,5,6,10
U008,10,2026-03-10,Tuesday,10,5,5,8,6,10
U008,10,2026-03-11,Wednesday,10,5,4,5,6,8
U008,10,2026-03-12,Thursday,10,5,3,4,7,6
U008,10,2026-03-13,Friday,10,7,6,1,5,8
U008,10,2026-03-14,Saturday,10,6,9,4,8,7
U008,10,2026-03-15,Sunday,10,6,6,6,6,9
U008,11,2026-03-16,Monday,11,6,4,9,6,9
U008,11,2026-03-17,Tuesday,11,8,4,2,4,8
U008,11,2026-03-18,Wednesday,11,7,5,6,6,9
U008,11,2026-03-19,Thursday,11,6,5,4,6,5
U008,11,2026-03-20,Friday,11,7,5,3,7,7
U008,11,2026-03-21,Saturday,11,6,7,6,7,8
U008,11,2026-03-22,Sunday,11,3,5,6,9,8
U008,12,2026-03-23,Monday,12,7,6,5,7,9
U008,12,2026-03-24,Tuesday,12,5,4,2,5,8
U008,12,2026-03-25,Wednesday,12,6,5,5,8,9
U008,12,2026-03-26,Thursday,12,5,5,4,7,5
U008,12,2026-03-27,Friday,12,7,4,6,6,6
U008,12,2026-03-28,Saturday,12,7,6,5,5,9
U008,12,2026-03-29,Sunday,12,3,7,6,5,9
U009,1,2026-01-05,Monday,1,5,5,3,8,9
U009,1,2026-01-06,Tuesday,1,4,6,5,6,6
U009,1,2026-01-07,Wednesday,1,7,5,4,6,9
U009,1,2026-01-08,Thursday,1,6,5,4,6,9
U009,1,2026-01-09,Friday,1,7,7,3,6,9
U009,1,2026-01-10,Saturday,1,6,7,8,5,8
U009,1,2026-01-11,Sunday,1,5,7,5,7,9
U009,2,2026-01-12,Monday,2,3,6,6,6,10
U009,2,2026-01-13,Tuesday,2,5,3,5,4,8
U009,2,2026-01-14,Wednesday,2,6,6,4,6,10
U009,2,2026-01-15,Thursday,2,4,3,10,6,8
U009,2,2026-01-16,Friday,2,7,5,6,5,10
U009,2,2026-01-17,Saturday,2,6,7,4,8,8
U009,2,2026-01-18,Sunday,2,6,5,7,4,8
U009,3,2026-01-19,Monday,3,7,5,5,5,8
U009,3,2026-01-20,Tuesday,3,5,8,2,6,10
U009,3,2026-01-21,Wednesday,3,7,6,2,5,8
U009,3,2026-01-22,Thursday,3,6,4,4,6,7
U009,3,2026-01-23,Friday,3,9,5,2,8,6
U009,3,2026-01-24,Saturday,3,4,6,5,7,9
U009,3,2026-01-25,Sunday,3,7,6,5,7,9
U009,4,2026-01-26,Monday,4,5,5,5,10,10
U009,4,2026-01-27,Tuesday,4,4,4,5,5,7
U009,4,2026-01-28,Wednesday,4,5,6,4,8,7
U009,4,2026-01-29,Thursday,4,6,6,4,5,8
U009,4,2026-01-30,Friday,4,7,4,2,7,5
U009,4,2026-01-31,Saturday,4,5,5,6,4,10
U009,4,2026-02-01,Sunday,4,4,6,8,8,7
U009,5,2026-02-02,Monday,5,5,4,6,5,9
U009,5,2026-02-03,Tuesday,5,7,5,1,7,8
U009,5,2026-02-04,Wednesday,5,6,5,4,8,8
U009,5,2026-02-05,Thursday,5,7,4,4,5,5
U009,5,2026-02-06,Friday,5,4,6,5,6,8
U009,5,2026-02-07,Saturday,5,5,7,7,6,8
U009,5,2026-02-08,Sunday,5,6,8,4,6,9
U009,6,2026-02-09,Monday,6,4,5,4,9,9
U009,6,2026-02-10,Tuesday,6,3,6,6,5,8
U009,6,2026-02-11,Wednesday,6,7,7,1,7,10
U009,6,2026-02-12,Thursday,6,4,7,5,10,8
U009,6,2026-02-13,Friday,6,6,7,2,7,5
U009,6,2026-02-14,Saturday,6,6,8,5,5,7
U009,6,2026-02-15,Sunday,6,4,4,7,7,7
U009,7,2026-02-16,Monday,7,5,5,2,7,8
U009,7,2026-02-17,Tuesday,7,5,4,4,5,9
U009,7,2026-02-18,Wednesday,7,4,6,5,6,9
U009,7,2026-02-19,Thursday,7,7,3,8,4,7
U009,7,2026-02-20,Friday,7,6,5,7,10,8
U009,7,2026-02-21,Saturday,7,5,7,4,6,9
U009,7,2026-02-22,Sunday,7,5,5,3,6,9
U009,8,2026-02-23,Monday,8,6,5,2,6,8
U009,8,2026-02-24,Tuesday,8,6,5,5,6,9
U009,8,2026-02-25,Wednesday,8,7,6,5,2,7
U009,8,2026-02-26,Thursday,8,5,5,5,7,10
U009,8,2026-02-27,Friday,8,5,8,6,9,10
U009,8,2026-02-28,Saturday,8,7,6,5,5,8
U009,8,2026-03-01,Sunday,8,3,5,6,6,8
U009,9,2026-03-02,Monday,9,6,4,4,6,9
U009,9,2026-03-03,Tuesday,9,7,8,1,7,5
U009,9,2026-03-04,Wednesday,9,4,6,10,8,10
U009,9,2026-03-05,Thursday,9,8,4,5,7,7
U009,9,2026-03-06,Friday,9,7,7,3,6,6
U009,9,2026-03-07,Saturday,9,6,8,6,9,9
U009,9,2026-03-08,Sunday,9,6,4,6,9,7
U009,10,2026-03-09,Monday,10,5,6,6,6,10
U009,10,2026-03-10,Tuesday,10,4,6,7,7,8
U009,10,2026-03-11,Wednesday,10,7,7,6,7,10
U009,10,2026-03-12,Thursday,10,6,5,5,5,7
U009,10,2026-03-13,Friday,10,9,6,2,5,10
U009,10,2026-03-14,Saturday,10,4,7,8,9,10
U009,10,2026-03-15,Sunday,10,4,7,4,7,9
U009,11,2026-03-16,Monday,11,8,5,3,4,6
U009,11,2026-03-17,Tuesday,11,5,5,6,8,7
U009,11,2026-03-18,Wednesday,11,5,8,5,10,9
U009,11,2026-03-19,Thursday,11,8,8,4,5,8
U009,11,2026-03-20,Friday,11,7,6,4,8,10
U009,11,2026-03-21,Saturday,11,5,6,5,6,7
U009,11,2026-03-22,Sunday,11,5,6,4,7,8
U009,12,2026-03-23,Monday,12,6,6,5,4,8
U009,12,2026-03-24,Tuesday,12,5,6,6,5,10
U009,12,2026-03-25,Wednesday,12,5,6,6,8,8
U009,12,2026-03-26,Thursday,12,4,8,7,6,10
U009,12,2026-03-27,Friday,12,3,7,6,6,10
U009,12,2026-03-28,Saturday,12,5,4,4,5,8
U009,12,2026-03-29,Sunday,12,5,5,9,5,10
U010,1,2026-01-05,Monday,1,5,5,6,7,7
U010,1,2026-01-06,Tuesday,1,7,4,2,6,7
U010,1,2026-01-07,Wednesday,1,7,4,5,9,8
U010,1,2026-01-08,Thursday,1,9,4,4,7,8
U010,1,2026-01-09,Friday,1,4,6,5,8,7
U010,1,2026-01-10,Saturday,1,5,7,6,6,6
U010,1,2026-01-11,Sunday,1,6,7,5,7,9
U010,2,2026-01-12,Monday,2,8,2,4,3,6
U010,2,2026-01-13,Tuesday,2,8,4,4,6,7
U010,2,2026-01-14,Wednesday,2,5,5,6,9,9
U010,2,2026-01-15,Thursday,2,6,6,5,7,7
U010,2,2026-01-16,Friday,2,7,4,3,5,9
U010,2,2026-01-17,Saturday,2,5,5,7,7,9
U010,2,2026-01-18,Sunday,2,6,6,6,8,6
U010,3,2026-01-19,Monday,3,7,4,3,8,7
U010,3,2026-01-20,Tuesday,3,6,5,2,7,7
U010,3,2026-01-21,Wednesday,3,6,6,4,6,8
U010,3,2026-01-22,Thursday,3,8,6,3,6,8
U010,3,2026-01-23,Friday,3,6,7,2,5,9
U010,3,2026-01-24,Saturday,3,6,6,3,7,9
U010,3,2026-01-25,Sunday,3,6,4,7,5,9
U010,4,2026-01-26,Monday,4,9,5,3,5,8
U010,4,2026-01-27,Tuesday,4,8,6,2,6,8
U010,4,2026-01-28,Wednesday,4,9,8,6,6,7
U010,4,2026-01-29,Thursday,4,7,4,5,5,10
U010,4,2026-01-30,Friday,4,7,2,4,8,6
U010,4,2026-01-31,Saturday,4,6,6,5,6,10
U010,4,2026-02-01,Sunday,4,7,9,9,10,9
U010,5,2026-02-02,Monday,5,6,2,6,6,6
U010,5,2026-02-03,Tuesday,5,5,3,6,5,9
U010,5,2026-02-04,Wednesday,5,7,6,3,7,5
U010,5,2026-02-05,Thursday,5,8,4,3,6,8
U010,5,2026-02-06,Friday,5,6,5,7,7,8
U010,5,2026-02-07,Saturday,5,7,7,5,6,9
U010,5,2026-02-08,Sunday,5,4,7,6,8,8
U010,6,2026-02-09,Monday,6,6,7,4,6,9
U010,6,2026-02-10,Tuesday,6,7,2,2,7,7
U010,6,2026-02-11,Wednesday,6,5,6,5,7,7
U010,6,2026-02-12,Thursday,6,6,6,5,7,8
U010,6,2026-02-13,Friday,6,8,3,4,5,8
U010,6,2026-02-14,Saturday,6,6,7,3,6,7
U010,6,2026-02-15,Sunday,6,6,7,6,7,8
U010,7,2026-02-16,Monday,7,6,6,1,8,10
U010,7,2026-02-17,Tuesday,7,6,2,6,6,7
U010,7,2026-02-18,Wednesday,7,6,3,3,5,7
U010,7,2026-02-19,Thursday,7,5,4,3,9,8
U010,7,2026-02-20,Friday,7,9,5,4,5,8
U010,7,2026-02-21,Saturday,7,6,8,3,9,10
U010,7,2026-02-22,Sunday,7,4,5,3,7,10
U010,8,2026-02-23,Monday,8,6,6,5,8,8
U010,8,2026-02-24,Tuesday,8,6,4,5,7,8
U010,8,2026-02-25,Wednesday,8,7,5,4,8,10
U010,8,2026-02-26,Thursday,8,7,5,4,8,7
U010,8,2026-02-27,Friday,8,6,5,5,6,7
U010,8,2026-02-28,Saturday,8,6,7,6,7,10
U010,8,2026-03-01,Sunday,8,6,7,2,7,10
U010,9,2026-03-02,Monday,9,4,5,1,6,10
U010,9,2026-03-03,Tuesday,9,7,8,2,6,9
U010,9,2026-03-04,Wednesday,9,4,5,2,6,9
U010,9,2026-03-05,Thursday,9,4,5,3,7,5
U010,9,2026-03-06,Friday,9,7,5,2,4,9
U010,9,2026-03-07,Saturday,9,5,8,7,7,10
U010,9,2026-03-08,Sunday,9,4,5,5,5,9
U010,10,2026-03-09,Monday,10,8,6,3,8,9
U010,10,2026-03-10,Tuesday,10,7,5,4,6,6
U010,10,2026-03-11,Wednesday,10,5,4,5,6,9
U010,10,2026-03-12,Thursday,10,7,6,4,8,10
U010,10,2026-03-13,Friday,10,5,7,2,6,9
U010,10,2026-03-14,Saturday,10,7,6,5,6,9
U010,10,2026-03-15,Sunday,10,4,7,3,6,8
U010,11,2026-03-16,Monday,11,6,4,3,7,6
U010,11,2026-03-17,Tuesday,11,4,5,5,7,8
U010,11,2026-03-18,Wednesday,11,7,5,4,8,8
U010,11,2026-03-19,Thursday,11,6,8,4,7,10
U010,11,2026-03-20,Friday,11,5,5,4,6,8
U010,11,2026-03-21,Saturday,11,4,8,5,5,10
U010,11,2026-03-22,Sunday,11,5,7,4,8,7
U010,12,2026-03-23,Monday,12,8,4,4,6,7
U010,12,2026-03-24,Tuesday,12,6,6,3,7,7
U010,12,2026-03-25,Wednesday,12,7,7,6,6,9
U010,12,2026-03-26,Thursday,12,7,4,5,5,10
U010,12,2026-03-27,Friday,12,6,7,3,8,9
U010,12,2026-03-28,Saturday,12,3,8,4,10,10
U010,12,2026-03-29,Sunday,12,3,6,5,7,7
