user_id,week,date,day_of_week,week_number,study_hours,study_sessions,average_session_duration,assignments_completed,assignments_pending,attendance_rate,subjects_studied,revision_hours,practice_hours,test_score,learning_progress
U001,1,2026-01-05,Monday,1,2.53,1,2.54,0,0,77.84,3,0.5,1.17,75.6,92.35
U001,1,2026-01-06,Tuesday,1,2.83,2,1.44,0,0,76.39,3,0.55,0.28,88.61,81.93
U001,1,2026-01-07,Wednesday,1,3.05,3,0.61,0,0,83.46,2,1.01,1.31,89.48,90.64
U001,1,2026-01-08,Thursday,1,1.67,2,1.06,0,2,79.25,2,0.45,0.57,84.66,83.02
U001,1,2026-01-09,Friday,1,2.44,2,1.46,0,0,80.62,2,0.32,0.27,67.42,86.24
U001,1,2026-01-10,Saturday,1,1.7,1,1.48,0,0,81.49,2,0.0,1.03,68.3,64.97
U001,1,2026-01-11,Sunday,1,1.41,1,1.46,0,0,80.42,1,0.25,0.12,82.84,85.53
U001,2,2026-01-12,Monday,2,2.84,2,1.55,0,0,81.87,1,0.47,0.66,79.9,98.86
U001,2,2026-01-13,Tuesday,2,2.55,2,1.35,1,0,81.46,2,0.96,0.69,83.65,79.51
U001,2,2026-01-14,Wednesday,2,3.14,2,1.66,0,2,72.3,2,0.71,0.62,88.71,86.31
U001,2,2026-01-15,Thursday,2,3.68,3,1.28,0,0,82.41,2,1.23,0.69,91.47,97.65
U001,2,2026-01-16,Friday,2,2.6,1,2.66,0,0,83.5,2,0.01,0.65,75.66,88.83
U001,2,2026-01-17,Saturday,2,1.28,1,1.38,0,0,91.92,1,0.0,0.75,78.31,73.82
U001,2,2026-01-18,Sunday,2,2.18,1,1.99,0,0,83.96,1,0.13,0.29,63.35,84.76
U001,3,2026-01-19,Monday,3,2.44,1,2.43,1,1,68.59,3,1.07,0.65,85.33,95.9
U001,3,2026-01-20,Tuesday,3,2.4,2,1.2,0,0,89.62,2,0.45,1.26,93.45,95.78
U001,3,2026-01-21,Wednesday,3,3.42,2,1.86,0,1,83.64,2,0.49,0.58,81.75,100.0
U001,3,2026-01-22,Thursday,3,2.86,2,1.41,1,0,89.25,2,0.56,0.94,89.5,97.46
U001,3,2026-01-23,Friday,3,2.7,3,0.8,0,0,86.22,3,0.04,0.73,81.18,89.26
U001,3,2026-01-24,Saturday,3,0.88,1,0.73,0,0,89.76,2,0.24,0.0,68.94,79.0
U001,3,2026-01-25,Sunday,3,3.93,2,2.07,0,0,81.5,1,1.08,0.0,81.35,100.0
U001,4,2026-01-26,Monday,4,2.84,1,2.93,1,2,83.86,2,0.57,1.0,77.69,100.0
U001,4,2026-01-27,Tuesday,4,2.06,3,0.55,1,0,79.87,2,0.64,1.24,80.96,100.0
U001,4,2026-01-28,Wednesday,4,2.36,2,1.09,1,0,74.5,2,0.71,0.68,88.34,95.7
U001,4,2026-01-29,Thursday,4,2.3,1,2.32,0,1,82.61,3,0.57,1.26,86.01,99.37
U001,4,2026-01-30,Friday,4,3.36,2,1.42,1,0,99.0,2,0.03,0.63,81.66,96.69
U001,4,2026-01-31,Saturday,4,1.82,2,0.93,0,0,85.4,1,0.19,0.1,67.91,92.71
U001,4,2026-02-01,Sunday,4,1.56,2,0.72,0,0,94.54,1,0.61,0.38,81.49,81.89
U001,5,2026-02-02,Monday,5,1.36,3,0.34,1,0,94.72,2,0.58,1.11,75.03,100.0
U001,5,2026-02-03,Tuesday,5,1.65,2,0.96,0,1,83.07,2,0.56,0.84,74.18,85.63
U001,5,2026-02-04,Wednesday,5,2.98,2,1.5,0,0,85.08,1,0.19,1.49,83.24,94.87
U001,5,2026-02-05,Thursday,5,2.47,4,0.39,1,2,77.28,3,0.83,1.33,91.14,97.01
U001,5,2026-02-06,Friday,5,4.95,4,1.18,1,0,66.84,2,0.78,1.32,96.38,100.0
U001,5,2026-02-07,Saturday,5,2.17,1,2.22,0,0,86.68,2,0.37,0.63,84.37,93.7
U001,5,2026-02-08,Sunday,5,1.97,1,2.0,0,0,82.08,1,0.45,0.26,75.0,80.35
U001,6,2026-02-09,Monday,6,3.96,2,1.82,0,0,99.0,3,0.79,0.97,93.24,100.0
U001,6,2026-02-10,Tuesday,6,4.2,2,2.15,1,0,82.16,2,0.03,0.29,84.59,100.0
U001,6,2026-02-11,Wednesday,6,3.66,2,1.82,1,0,87.42,2,0.76,0.31,86.83,100.0
U001,6,2026-02-12,Thursday,6,2.75,2,1.41,0,0,90.43,3,0.46,0.86,83.83,97.15
U001,6,2026-02-13,Friday,6,0.25,2,0.25,0,0,81.65,2,0.32,1.14,70.42,66.24
U001,6,2026-02-14,Saturday,6,3.18,0,0.26,0,0,89.15,2,1.0,0.22,82.11,93.98
U001,6,2026-02-15,Sunday,6,3.06,2,1.59,0,0,91.44,1,1.04,1.17,76.28,93.88
U001,7,2026-02-16,Monday,7,2.18,3,0.84,1,1,80.6,1,0.3,1.1,83.37,96.24
U001,7,2026-02-17,Tuesday,7,2.72,4,0.74,0,1,84.96,1,0.56,0.67,76.93,93.62
U001,7,2026-02-18,Wednesday,7,3.26,3,1.03,0,1,80.21,2,0.72,1.07,93.91,100.0
U001,7,2026-02-19,Thursday,7,3.06,1,3.0,0,0,95.51,2,1.03,0.72,90.21,100.0
U001,7,2026-02-20,Friday,7,3.79,1,3.0,0,0,79.74,2,0.62,0.48,89.9,98.19
U001,7,2026-02-21,Saturday,7,0.3,1,0.25,0,0,99.0,2,0.95,0.0,78.3,84.6
U001,7,2026-02-22,Sunday,7,1.96,2,0.82,0,0,89.92,1,0.42,0.13,63.85,85.6
U001,8,2026-02-23,Monday,8,3.73,2,2.04,0,3,83.9,2,0.0,1.13,86.19,100.0
U001,8,2026-02-24,Tuesday,8,3.17,2,1.53,1,1,91.71,2,0.73,1.16,93.31,100.0
U001,8,2026-02-25,Wednesday,8,2.02,3,0.58,0,1,87.65,3,0.72,1.46,73.95,90.89
U001,8,2026-02-26,Thursday,8,2.73,2,1.32,1,2,99.0,3,1.25,0.65,90.96,100.0
U001,8,2026-02-27,Friday,8,2.61,1,2.4,1,0,77.7,3,0.36,0.15,82.01,94.15
U001,8,2026-02-28,Saturday,8,2.34,1,2.23,0,1,94.06,1,0.51,0.45,88.36,98.22
U001,8,2026-03-01,Sunday,8,1.94,1,2.26,0,1,88.23,1,0.22,0.85,78.97,91.18
U001,9,2026-03-02,Monday,9,1.84,2,1.02,1,0,84.14,1,0.56,0.01,79.39,91.89
U001,9,2026-03-03,Tuesday,9,2.25,2,1.11,0,1,91.14,1,0.5,0.95,99.72,95.96
U001,9,2026-03-04,Wednesday,9,2.96,2,1.62,0,0,85.85,2,0.77,1.37,96.91,91.87
U001,9,2026-03-05,Thursday,9,4.4,2,1.95,0,0,88.3,1,0.29,1.0,97.27,100.0
U001,9,2026-03-06,Friday,9,4.41,3,1.54,1,1,91.3,2,0.46,1.44,93.39,100.0
U001,9,2026-03-07,Saturday,9,2.78,2,1.45,0,0,99.0,2,0.61,0.67,78.56,87.38
U001,9,2026-03-08,Sunday,9,1.69,1,1.91,1,0,86.95,2,1.3,0.67,80.37,95.08
U001,10,2026-03-09,Monday,10,2.94,2,1.3,0,0,82.3,2,0.55,0.86,89.35,93.99
U001,10,2026-03-10,Tuesday,10,3.82,3,1.2,0,1,96.4,4,0.69,0.59,100.0,100.0
U001,10,2026-03-11,Wednesday,10,3.34,3,1.4,0,0,99.0,3,0.44,0.54,83.15,100.0
U001,10,2026-03-12,Thursday,10,3.65,3,1.28,0,1,95.85,1,0.67,1.22,83.78,100.0
U001,10,2026-03-13,Friday,10,3.68,3,1.1,0,0,90.79,1,0.79,0.7,86.32,100.0
U001,10,2026-03-14,Saturday,10,4.41,2,2.1,1,1,77.29,3,0.97,1.12,99.33,100.0
U001,10,2026-03-15,Sunday,10,1.09,1,1.08,1,0,99.0,1,0.26,0.7,82.82,88.31
U001,11,2026-03-16,Monday,11,4.36,2,2.16,0,1,99.0,2,1.02,1.64,86.77,100.0
U001,11,2026-03-17,Tuesday,11,2.72,3,0.98,1,0,85.55,1,0.81,1.84,92.26,100.0
U001,11,2026-03-18,Wednesday,11,3.49,2,1.78,1,0,80.02,2,1.05,1.22,89.89,100.0
U001,11,2026-03-19,Thursday,11,4.63,2,2.05,1,0,84.13,2,0.85,1.65,100.0,100.0
U001,11,2026-03-20,Friday,11,3.04,2,1.62,0,0,94.69,3,0.57,1.49,96.5,100.0
U001,11,2026-03-21,Saturday,11,2.2,3,0.67,0,0,82.91,2,0.85,0.91,74.6,96.18
U001,11,2026-03-22,Sunday,11,2.46,1,2.11,1,0,99.0,2,0.31,0.0,80.61,98.31
U001,12,2026-03-23,Monday,12,3.57,1,3.0,0,0,82.39,2,1.24,1.1,91.56,100.0
U001,12,2026-03-24,Tuesday,12,2.23,3,0.89,0,0,95.17,3,0.68,0.75,86.88,100.0
U001,12,2026-03-25,Wednesday,12,2.21,1,2.45,0,1,89.9,2,1.19,0.09,84.13,100.0
U001,12,2026-03-26,Thursday,12,3.47,2,1.91,1,0,74.19,1,1.29,1.31,98.79,100.0
U001,12,2026-03-27,Friday,12,2.91,3,1.11,0,2,87.48,3,0.86,0.93,98.19,100.0
U001,12,2026-03-28,Saturday,12,2.1,3,0.55,0,1,88.41,2,1.08,0.41,93.84,91.51
U001,12,2026-03-29,Sunday,12,2.43,2,1.39,0,1,93.59,3,0.22,0.14,86.99,99.07
U002,1,2026-01-05,Monday,1,3.85,2,1.79,0,1,99.0,3,0.15,1.16,80.67,98.27
U002,1,2026-01-06,Tuesday,1,2.85,1,2.85,0,2,82.07,2,0.81,0.0,75.49,95.57
U002,1,2026-01-07,Wednesday,1,2.22,2,1.18,1,0,76.03,2,0.83,0.59,91.83,98.86
U002,1,2026-01-08,Thursday,1,2.81,2,1.56,1,0,84.94,2,0.13,1.11,71.26,94.04
U002,1,2026-01-09,Friday,1,1.53,4,0.42,0,0,80.13,2,0.31,0.48,73.55,88.55
U002,1,2026-01-10,Saturday,1,1.93,2,1.04,0,0,87.21,1,1.06,1.22,79.27,83.59
U002,1,2026-01-11,Sunday,1,2.29,1,2.3,0,1,81.14,1,0.96,0.03,66.25,87.72
U002,2,2026-01-12,Monday,2,1.04,1,1.18,1,0,91.91,2,0.33,1.71,72.06,86.66
U002,2,2026-01-13,Tuesday,2,5.29,3,1.97,0,0,73.26,2,0.62,0.65,91.29,100.0
U002,2,2026-01-14,Wednesday,2,1.84,2,0.93,0,0,77.45,3,0.54,1.2,66.27,92.27
U002,2,2026-01-15,Thursday,2,3.02,1,3.0,0,2,80.86,4,0.95,0.58,89.42,87.45
U002,2,2026-01-16,Friday,2,3.16,2,1.29,0,1,87.08,2,1.07,0.32,86.66,80.34
U002,2,2026-01-17,Saturday,2,1.98,1,2.04,0,0,96.85,1,0.63,0.2,70.39,87.5
U002,2,2026-01-18,Sunday,2,1.0,1,1.09,0,1,87.76,2,0.35,0.42,67.48,81.49
U002,3,2026-01-19,Monday,3,2.74,2,1.27,0,0,94.49,3,0.75,0.77,81.45,89.02
U002,3,2026-01-20,Tuesday,3,2.61,1,2.77,0,0,83.83,3,0.0,0.58,72.93,81.93
U002,3,2026-01-21,Wednesday,3,1.49,2,1.15,0,1,87.06,2,0.94,0.75,81.04,84.38
U002,3,2026-01-22,Thursday,3,3.66,1,3.0,0,1,76.86,2,0.47,1.45,87.56,100.0
U002,3,2026-01-23,Friday,3,2.0,2,1.14,1,1,88.2,2,0.97,0.72,79.72,100.0
U002,3,2026-01-24,Saturday,3,2.33,1,2.61,0,1,68.56,2,0.32,0.79,63.53,84.84
U002,3,2026-01-25,Sunday,3,2.94,2,1.65,0,1,89.89,0,0.97,0.14,91.06,100.0
U002,4,2026-01-26,Monday,4,1.2,2,0.32,0,0,85.45,2,0.0,0.4,77.0,87.36
U002,4,2026-01-27,Tuesday,4,2.94,2,1.73,0,0,92.66,2,0.26,0.87,82.59,100.0
U002,4,2026-01-28,Wednesday,4,1.64,2,0.63,0,0,97.98,2,0.0,0.85,73.21,79.81
U002,4,2026-01-29,Thursday,4,4.99,1,3.0,0,0,76.59,1,1.15,0.9,84.23,100.0
U002,4,2026-01-30,Friday,4,3.52,3,1.19,1,1,75.68,2,0.64,1.51,84.9,100.0
U002,4,2026-01-31,Saturday,4,2.36,1,2.36,0,0,80.57,1,0.78,0.05,86.68,89.28
U002,4,2026-02-01,Sunday,4,2.25,2,0.95,0,0,73.2,1,0.31,0.82,78.61,97.97
U002,5,2026-02-02,Monday,5,2.84,1,3.0,0,0,84.04,1,0.84,1.56,89.66,100.0
U002,5,2026-02-03,Tuesday,5,2.25,3,0.88,1,0,82.49,2,0.28,1.09,85.83,100.0
U002,5,2026-02-04,Wednesday,5,3.45,2,1.75,0,0,76.47,2,0.82,0.34,100.0,96.13
U002,5,2026-02-05,Thursday,5,2.73,2,1.48,1,0,88.81,3,0.73,1.54,77.13,100.0
U002,5,2026-02-06,Friday,5,4.12,2,2.08,0,2,92.32,2,0.49,0.17,93.91,100.0
U002,5,2026-02-07,Saturday,5,3.38,1,3.0,0,0,86.39,1,0.51,0.88,83.61,98.53
U002,5,2026-02-08,Sunday,5,1.72,2,0.76,0,1,89.59,2,0.1,0.64,89.54,86.42
U002,6,2026-02-09,Monday,6,3.18,3,1.15,0,0,95.17,2,0.57,1.01,69.05,100.0
U002,6,2026-02-10,Tuesday,6,1.96,1,1.94,1,1,98.22,1,0.4,1.31,68.68,100.0
U002,6,2026-02-11,Wednesday,6,2.59,3,1.09,0,0,84.83,1,0.73,0.9,81.59,96.78
U002,6,2026-02-12,Thursday,6,3.14,3,1.27,0,0,79.24,2,0.23,0.66,81.12,94.85
U002,6,2026-02-13,Friday,6,2.48,1,2.58,0,0,93.98,2,0.3,0.61,87.36,100.0
U002,6,2026-02-14,Saturday,6,0.47,0,0.25,0,1,88.13,1,0.93,0.33,62.19,84.19
U002,6,2026-02-15,Sunday,6,2.31,2,0.93,0,1,93.06,2,0.1,0.59,76.3,99.16
U002,7,2026-02-16,Monday,7,2.7,3,0.86,1,0,89.32,2,0.37,0.94,74.75,98.91
U002,7,2026-02-17,Tuesday,7,0.58,2,0.33,0,0,91.09,4,1.1,1.35,80.46,73.39
U002,7,2026-02-18,Wednesday,7,2.56,3,0.77,0,0,99.0,2,0.98,0.36,77.42,95.53
U002,7,2026-02-19,Thursday,7,2.93,2,1.29,1,1,97.48,2,0.74,1.39,76.49,100.0
U002,7,2026-02-20,Friday,7,4.54,2,2.04,1,0,99.0,2,0.83,0.61,98.63,100.0
U002,7,2026-02-21,Saturday,7,1.94,2,0.96,0,1,95.69,1,0.65,0.23,80.93,96.48
U002,7,2026-02-22,Sunday,7,2.14,0,0.25,0,0,89.13,2,0.21,0.85,85.32,94.01
U002,8,2026-02-23,Monday,8,3.08,2,1.72,1,1,98.92,3,0.48,0.81,82.21,94.62
U002,8,2026-02-24,Tuesday,8,2.7,2,1.33,0,0,87.62,2,0.8,0.91,83.14,95.51
U002,8,2026-02-25,Wednesday,8,5.67,2,3.0,1,1,99.0,2,0.83,1.06,100.0,100.0
U002,8,2026-02-26,Thursday,8,3.4,2,1.52,0,0,97.74,2,0.57,0.51,87.33,100.0
U002,8,2026-02-27,Friday,8,3.46,2,1.78,1,0,81.37,2,0.6,1.48,100.0,100.0
U002,8,2026-02-28,Saturday,8,2.17,0,0.25,0,1,76.67,2,0.43,0.29,79.65,90.07
U002,8,2026-03-01,Sunday,8,3.11,2,1.41,0,0,94.04,1,0.49,0.64,85.21,91.61
U002,9,2026-03-02,Monday,9,0.61,2,0.49,0,0,85.21,3,1.29,1.15,80.11,94.21
U002,9,2026-03-03,Tuesday,9,2.71,1,2.68,1,0,96.27,3,0.53,1.03,93.43,99.1
U002,9,2026-03-04,Wednesday,9,3.2,2,1.39,0,1,96.25,2,0.17,0.64,88.31,100.0
U002,9,2026-03-05,Thursday,9,3.92,3,1.38,0,2,96.09,1,0.6,1.58,87.82,100.0
U002,9,2026-03-06,Friday,9,3.99,2,2.4,0,1,83.61,2,0.94,0.94,81.12,100.0
U002,9,2026-03-07,Saturday,9,2.03,2,1.04,0,0,82.12,1,0.71,0.96,82.4,85.54
U002,9,2026-03-08,Sunday,9,0.83,2,0.48,1,1,92.16,1,0.3,0.75,75.96,86.71
U002,10,2026-03-09,Monday,10,4.45,2,2.13,1,0,96.75,2,0.97,0.93,90.64,100.0
U002,10,2026-03-10,Tuesday,10,2.19,2,0.82,0,0,95.38,3,1.05,0.85,86.99,100.0
U002,10,2026-03-11,Wednesday,10,3.68,2,1.9,0,0,98.2,2,1.36,0.94,93.53,100.0
U002,10,2026-03-12,Thursday,10,4.41,1,3.0,0,1,99.0,2,0.56,1.04,90.26,100.0
U002,10,2026-03-13,Friday,10,2.22,1,2.2,0,1,86.0,2,0.96,1.16,79.68,100.0
U002,10,2026-03-14,Saturday,10,2.47,1,2.36,0,0,99.0,2,0.57,0.61,86.64,100.0
U002,10,2026-03-15,Sunday,10,4.03,1,3.0,1,2,86.0,2,1.19,1.09,95.51,100.0
U002,11,2026-03-16,Monday,11,1.64,2,0.84,1,0,91.6,2,0.12,1.46,90.61,100.0
U002,11,2026-03-17,Tuesday,11,3.6,2,1.82,1,1,99.0,2,0.67,1.45,89.0,100.0
U002,11,2026-03-18,Wednesday,11,2.99,3,0.93,0,1,90.01,3,0.38,1.79,100.0,100.0
U002,11,2026-03-19,Thursday,11,2.53,2,1.3,0,0,99.0,2,0.56,0.63,77.29,100.0
U002,11,2026-03-20,Friday,11,3.13,2,1.45,1,1,96.34,2,1.07,1.03,93.08,100.0
U002,11,2026-03-21,Saturday,11,1.33,1,1.27,0,0,91.43,1,1.19,1.11,80.89,82.73
U002,11,2026-03-22,Sunday,11,1.94,2,1.14,0,0,91.11,1,0.72,0.56,79.42,91.2
U002,12,2026-03-23,Monday,12,1.98,2,0.75,0,2,99.0,2,0.79,0.76,86.92,95.64
U002,12,2026-03-24,Tuesday,12,4.3,2,2.12,0,1,82.41,4,0.78,0.96,99.37,100.0
U002,12,2026-03-25,Wednesday,12,3.48,3,1.1,1,1,99.0,1,0.78,1.34,100.0,100.0
U002,12,2026-03-26,Thursday,12,3.32,3,1.07,1,0,99.0,2,0.68,0.49,88.09,100.0
U002,12,2026-03-27,Friday,12,5.36,2,2.6,1,1,99.0,2,0.52,1.04,95.68,100.0
U002,12,2026-03-28,Saturday,12,2.78,1,2.99,0,1,97.92,0,0.77,0.06,95.15,95.69
U002,12,2026-03-29,Sunday,12,2.56,2,1.36,0,2,90.99,1,0.57,0.16,89.7,100.0
U003,1,2026-01-05,Monday,1,2.6,2,1.33,0,0,91.45,1,0.69,1.25,85.25,87.86
U003,1,2026-01-06,Tuesday,1,3.09,2,1.53,0,0,99.0,3,1.24,1.59,88.4,95.79
U003,1,2026-01-07,Wednesday,1,2.51,2,1.27,1,0,87.14,2,0.48,1.1,74.52,90.94
U003,1,2026-01-08,Thursday,1,3.68,2,1.85,0,1,87.97,2,1.04,0.59,83.6,96.42
U003,1,2026-01-09,Friday,1,3.38,3,1.5,0,0,87.69,1,0.87,0.86,88.84,89.98
U003,1,2026-01-10,Saturday,1,2.05,1,1.92,0,0,94.23,1,0.71,0.2,75.11,78.9
U003,1,2026-01-11,Sunday,1,1.93,2,0.96,0,0,74.91,1,0.89,1.35,76.84,70.47
U003,2,2026-01-12,Monday,2,3.88,3,1.27,1,0,84.99,3,0.6,0.0,82.96,100.0
U003,2,2026-01-13,Tuesday,2,3.36,2,1.72,0,0,85.02,3,1.08,0.34,93.61,100.0
U003,2,2026-01-14,Wednesday,2,3.32,0,0.25,1,0,77.61,2,0.67,0.5,77.7,100.0
U003,2,2026-01-15,Thursday,2,1.16,1,0.92,0,0,98.76,2,0.5,0.66,75.37,88.2
U003,2,2026-01-16,Friday,2,2.19,1,1.98,0,0,94.73,2,1.48,0.15,72.48,88.44
U003,2,2026-01-17,Saturday,2,1.9,1,1.84,0,0,92.21,2,0.59,0.0,65.76,85.86
U003,2,2026-01-18,Sunday,2,2.91,1,3.0,0,0,85.57,0,0.81,0.3,85.18,95.9
U003,3,2026-01-19,Monday,3,2.12,2,1.58,1,0,99.0,2,0.75,1.05,84.25,100.0
U003,3,2026-01-20,Tuesday,3,2.01,3,0.9,1,0,92.18,2,0.76,0.77,79.86,100.0
U003,3,2026-01-21,Wednesday,3,4.44,2,2.43,0,1,81.29,2,0.94,0.58,100.0,98.78
U003,3,2026-01-22,Thursday,3,2.85,2,1.7,0,1,83.16,3,0.96,0.56,81.48,100.0
U003,3,2026-01-23,Friday,3,3.05,2,1.56,0,0,91.19,2,0.75,0.84,95.18,92.21
U003,3,2026-01-24,Saturday,3,1.35,1,1.5,0,0,94.56,0,1.03,0.2,84.44,99.26
U003,3,2026-01-25,Sunday,3,2.21,2,1.16,0,0,99.0,1,0.29,0.76,86.04,98.39
U003,4,2026-01-26,Monday,4,4.08,2,2.16,1,1,95.51,2,1.2,0.39,88.22,100.0
U003,4,2026-01-27,Tuesday,4,3.37,2,1.53,0,0,89.28,2,0.74,1.3,80.66,100.0
U003,4,2026-01-28,Wednesday,4,0.99,2,0.64,0,0,83.17,2,0.91,0.55,71.68,78.24
U003,4,2026-01-29,Thursday,4,2.94,3,0.86,1,0,84.13,2,0.0,1.14,89.76,100.0
U003,4,2026-01-30,Friday,4,3.84,1,3.0,0,1,81.03,1,0.5,0.61,88.81,96.26
U003,4,2026-01-31,Saturday,4,1.73,3,0.53,0,0,85.05,2,0.21,0.39,70.46,87.27
U003,4,2026-02-01,Sunday,4,0.29,2,0.25,0,0,76.43,2,0.78,0.0,68.48,73.07
U003,5,2026-02-02,Monday,5,2.84,2,1.53,0,0,99.0,2,1.21,0.47,84.89,93.02
U003,5,2026-02-03,Tuesday,5,2.77,1,2.72,1,0,96.18,2,1.13,0.63,78.62,94.43
U003,5,2026-02-04,Wednesday,5,3.02,3,1.07,0,1,91.64,3,0.33,1.81,82.7,99.31
U003,5,2026-02-05,Thursday,5,2.32,1,2.26,1,0,85.49,1,0.51,1.18,80.04,100.0
U003,5,2026-02-06,Friday,5,2.17,3,0.72,1,2,89.71,2,1.22,1.19,88.08,100.0
U003,5,2026-02-07,Saturday,5,3.18,0,0.25,0,0,84.26,1,0.01,0.74,78.66,93.02
U003,5,2026-02-08,Sunday,5,1.67,3,0.71,0,0,94.66,1,0.42,0.0,84.26,88.72
U003,6,2026-02-09,Monday,6,1.89,3,0.54,0,0,95.89,2,0.58,1.12,86.77,85.98
U003,6,2026-02-10,Tuesday,6,2.21,1,2.21,1,0,99.0,3,0.4,1.37,96.5,91.71
U003,6,2026-02-11,Wednesday,6,2.78,2,1.26,0,0,78.88,2,0.91,0.31,97.16,100.0
U003,6,2026-02-12,Thursday,6,2.56,2,1.14,0,0,99.0,2,0.42,0.16,95.32,95.98
U003,6,2026-02-13,Friday,6,2.9,1,2.73,0,1,98.03,3,0.37,1.51,92.89,100.0
U003,6,2026-02-14,Saturday,6,1.67,1,1.56,0,0,81.12,1,0.44,0.89,90.07,82.48
U003,6,2026-02-15,Sunday,6,3.44,2,1.87,0,0,94.46,1,0.43,0.0,86.03,96.18
U003,7,2026-02-16,Monday,7,4.42,3,1.78,0,0,95.96,2,0.81,0.48,97.44,100.0
U003,7,2026-02-17,Tuesday,7,3.18,1,3.0,0,0,86.89,2,0.55,1.59,97.96,99.3
U003,7,2026-02-18,Wednesday,7,2.38,2,1.3,0,1,81.8,2,0.34,0.85,82.49,95.0
U003,7,2026-02-19,Thursday,7,3.58,3,1.15,0,1,99.0,2,0.31,0.34,87.74,97.93
U003,7,2026-02-20,Friday,7,2.28,3,0.76,1,0,85.57,2,1.07,0.57,86.81,100.0
U003,7,2026-02-21,Saturday,7,3.21,1,3.0,0,0,90.54,1,0.21,1.2,87.71,100.0
U003,7,2026-02-22,Sunday,7,2.86,1,2.81,1,0,99.0,2,1.0,0.18,92.43,100.0
U003,8,2026-02-23,Monday,8,3.92,2,1.79,0,0,91.02,2,0.68,0.96,99.8,100.0
U003,8,2026-02-24,Tuesday,8,3.3,2,1.84,1,2,97.58,2,1.24,0.92,74.42,100.0
U003,8,2026-02-25,Wednesday,8,3.88,2,2.08,1,0,99.0,2,0.66,0.44,89.37,100.0
U003,8,2026-02-26,Thursday,8,3.41,2,1.81,0,0,89.62,2,0.37,0.71,90.69,100.0
U003,8,2026-02-27,Friday,8,2.07,2,0.92,0,0,78.85,3,0.73,0.72,74.24,90.43
U003,8,2026-02-28,Saturday,8,2.44,2,1.3,0,1,87.13,0,0.28,0.13,86.69,100.0
U003,8,2026-03-01,Sunday,8,3.7,2,1.84,0,2,99.0,2,0.92,0.85,92.18,100.0
U003,9,2026-03-02,Monday,9,2.17,3,0.78,1,0,91.01,1,0.83,1.05,88.04,100.0
U003,9,2026-03-03,Tuesday,9,2.34,2,1.33,0,1,88.16,1,0.4,0.61,64.38,90.26
U003,9,2026-03-04,Wednesday,9,4.6,2,2.16,0,1,93.73,2,0.57,0.59,91.85,100.0
U003,9,2026-03-05,Thursday,9,3.97,2,2.32,0,0,73.48,1,1.02,0.47,88.74,100.0
U003,9,2026-03-06,Friday,9,2.37,2,1.23,0,2,97.54,3,0.86,1.69,92.93,93.06
U003,9,2026-03-07,Saturday,9,2.41,1,2.44,1,3,99.0,1,0.33,0.4,94.14,100.0
U003,9,2026-03-08,Sunday,9,2.57,1,2.44,0,0,99.0,2,0.72,0.22,88.08,100.0
U003,10,2026-03-09,Monday,10,2.68,2,1.39,0,0,89.46,2,0.49,1.52,88.86,87.85
U003,10,2026-03-10,Tuesday,10,1.39,1,1.59,0,0,99.0,2,0.62,0.87,91.89,100.0
U003,10,2026-03-11,Wednesday,10,4.06,3,1.2,0,0,93.32,2,0.93,0.83,100.0,100.0
U003,10,2026-03-12,Thursday,10,2.77,2,1.42,0,0,89.26,3,1.3,1.5,81.27,100.0
U003,10,2026-03-13,Friday,10,2.25,4,0.6,0,1,81.69,3,0.46,1.81,90.98,95.08
U003,10,2026-03-14,Saturday,10,2.71,2,1.51,0,0,89.09,2,0.62,0.56,82.08,96.63
U003,10,2026-03-15,Sunday,10,1.99,1,1.86,0,1,94.91,1,1.05,0.8,100.0,100.0
U003,11,2026-03-16,Monday,11,3.1,3,1.07,0,0,96.76,2,0.7,0.89,94.33,100.0
U003,11,2026-03-17,Tuesday,11,4.74,2,2.32,1,0,99.0,1,1.04,1.6,100.0,100.0
U003,11,2026-03-18,Wednesday,11,4.74,2,2.43,0,0,96.68,2,0.78,0.99,98.94,100.0
U003,11,2026-03-19,Thursday,11,4.23,2,2.12,1,0,97.25,2,0.77,2.07,90.1,100.0
U003,11,2026-03-20,Friday,11,3.8,1,3.0,1,0,95.74,2,0.74,1.04,85.03,100.0
U003,11,2026-03-21,Saturday,11,3.42,1,3.0,0,0,99.0,1,0.17,0.51,87.76,100.0
U003,11,2026-03-22,Sunday,11,3.17,1,3.0,0,0,99.0,1,0.47,0.58,100.0,100.0
U003,12,2026-03-23,Monday,12,4.73,2,2.27,0,0,93.31,2,0.65,1.65,95.92,100.0
U003,12,2026-03-24,Tuesday,12,3.63,2,1.92,0,0,94.06,2,0.5,1.3,91.22,100.0
U003,12,2026-03-25,Wednesday,12,3.44,3,0.94,1,0,99.0,2,0.37,1.15,89.11,100.0
U003,12,2026-03-26,Thursday,12,3.48,2,1.59,1,1,99.0,3,0.86,1.26,89.06,100.0
U003,12,2026-03-27,Friday,12,2.56,1,2.45,0,0,95.95,4,0.59,1.62,85.7,100.0
U003,12,2026-03-28,Saturday,12,2.63,0,0.25,1,0,99.0,3,0.75,0.49,82.89,100.0
U003,12,2026-03-29,Sunday,12,1.16,1,1.15,0,0,99.0,2,1.09,0.34,69.47,88.57
U004,1,2026-01-05,Monday,1,1.4,2,0.52,0,0,98.75,2,0.0,0.88,77.24,76.88
U004,1,2026-01-06,Tuesday,1,2.09,3,0.81,0,2,82.71,2,0.54,1.13,85.28,96.07
U004,1,2026-01-07,Wednesday,1,2.51,4,0.79,0,0,76.97,2,0.37,0.89,90.69,90.97
U004,1,2026-01-08,Thursday,1,2.56,3,1.0,0,0,82.93,2,0.17,0.24,76.71,87.25
U004,1,2026-01-09,Friday,1,3.8,3,1.12,0,0,75.3,2,0.43,0.33,84.36,97.6
U004,1,2026-01-10,Saturday,1,3.04,1,3.0,0,1,91.43,1,0.0,0.19,82.26,89.31
U004,1,2026-01-11,Sunday,1,0.81,1,0.73,0,1,92.07,1,0.66,0.0,72.55,92.64
U004,2,2026-01-12,Monday,2,2.84,2,1.62,0,0,89.15,3,0.87,1.04,77.62,93.9
U004,2,2026-01-13,Tuesday,2,3.93,2,1.97,0,1,90.61,1,0.68,0.57,82.55,100.0
U004,2,2026-01-14,Wednesday,2,1.4,2,0.46,0,1,86.4,3,0.93,0.83,92.51,95.58
U004,2,2026-01-15,Thursday,2,4.09,2,2.26,0,0,88.16,1,0.0,0.97,92.49,100.0
U004,2,2026-01-16,Friday,2,2.39,2,1.24,0,2,87.56,2,0.41,0.92,81.44,86.26
U004,2,2026-01-17,Saturday,2,3.45,1,3.0,1,0,69.48,1,0.42,0.69,88.44,94.22
U004,2,2026-01-18,Sunday,2,1.49,2,0.7,0,0,80.73,1,0.39,0.18,70.82,71.6
U004,3,2026-01-19,Monday,3,2.89,3,0.99,0,0,83.2,1,1.08,1.32,90.82,85.78
U004,3,2026-01-20,Tuesday,3,1.33,1,1.45,0,0,99.0,3,0.61,0.99,77.46,87.44
U004,3,2026-01-21,Wednesday,3,4.12,2,2.15,1,0,84.43,2,0.53,0.97,96.74,100.0
U004,3,2026-01-22,Thursday,3,3.05,3,1.05,0,1,97.27,2,0.53,0.29,75.42,86.66
U004,3,2026-01-23,Friday,3,2.73,2,1.26,0,1,87.35,2,0.59,0.51,85.24,96.33
U004,3,2026-01-24,Saturday,3,1.86,1,1.82,0,2,97.21,2,0.26,0.78,92.2,88.82
U004,3,2026-01-25,Sunday,3,0.71,1,0.73,1,0,86.63,1,0.05,0.8,56.1,92.59
U004,4,2026-01-26,Monday,4,1.21,1,1.36,0,2,99.0,3,1.3,0.51,73.38,92.61
U004,4,2026-01-27,Tuesday,4,1.57,3,0.61,0,0,87.34,2,1.27,1.13,87.56,90.93
U004,4,2026-01-28,Wednesday,4,4.82,1,3.0,0,0,99.0,3,0.39,0.7,93.22,100.0
U004,4,2026-01-29,Thursday,4,3.38,2,1.66,0,0,93.4,2,0.48,1.18,79.35,94.83
U004,4,2026-01-30,Friday,4,4.15,2,2.07,1,0,96.69,2,0.73,0.53,84.4,100.0
U004,4,2026-01-31,Saturday,4,2.84,1,2.82,0,0,89.62,0,0.86,0.23,82.33,96.11
U004,4,2026-02-01,Sunday,4,2.97,2,1.35,0,0,85.46,2,1.28,0.0,81.58,100.0
U004,5,2026-02-02,Monday,5,2.7,2,1.21,0,0,99.0,3,0.57,0.0,80.28,92.07
U004,5,2026-02-03,Tuesday,5,2.82,2,1.25,0,1,94.86,2,0.39,1.26,84.33,100.0
U004,5,2026-02-04,Wednesday,5,2.78,2,1.47,0,1,98.08,2,1.08,0.5,87.29,100.0
U004,5,2026-02-05,Thursday,5,3.53,2,1.71,0,1,78.24,2,0.72,0.84,80.98,100.0
U004,5,2026-02-06,Friday,5,2.95,2,1.52,1,1,97.32,2,0.38,1.16,86.59,100.0
U004,5,2026-02-07,Saturday,5,2.66,0,0.25,0,0,83.61,1,0.49,0.87,87.7,86.92
U004,5,2026-02-08,Sunday,5,2.71,2,1.45,1,0,84.54,1,0.34,0.65,89.38,95.36
U004,6,2026-02-09,Monday,6,2.58,4,0.97,0,0,87.65,2,0.39,1.08,92.66,100.0
U004,6,2026-02-10,Tuesday,6,2.65,3,0.77,1,0,88.04,2,0.98,0.5,86.17,100.0
U004,6,2026-02-11,Wednesday,6,2.23,2,1.33,0,0,90.27,1,0.57,0.5,77.45,86.9
U004,6,2026-02-12,Thursday,6,3.6,1,3.0,0,1,86.72,3,0.78,1.13,80.81,100.0
U004,6,2026-02-13,Friday,6,2.48,2,1.46,0,0,89.41,3,0.5,0.81,77.23,86.28
U004,6,2026-02-14,Saturday,6,1.82,2,0.72,0,0,95.17,0,0.32,0.33,76.07,93.41
U004,6,2026-02-15,Sunday,6,1.67,2,0.77,0,0,99.0,1,0.09,0.14,72.8,81.16
U004,7,2026-02-16,Monday,7,2.46,3,0.7,1,1,96.46,2,0.69,0.22,89.28,100.0
U004,7,2026-02-17,Tuesday,7,2.57,2,1.16,0,1,96.72,2,1.32,0.72,80.06,94.48
U004,7,2026-02-18,Wednesday,7,2.72,1,2.64,0,0,99.0,3,0.16,1.26,100.0,94.84
U004,7,2026-02-19,Thursday,7,1.69,2,0.87,1,0,89.23,2,1.33,0.37,87.19,95.58
U004,7,2026-02-20,Friday,7,1.84,1,1.86,0,1,91.65,2,0.52,1.4,79.65,95.06
U004,7,2026-02-21,Saturday,7,3.3,0,0.25,0,1,97.41,1,0.25,0.87,86.33,100.0
U004,7,2026-02-22,Sunday,7,1.21,1,1.34,0,0,95.56,2,0.29,0.29,85.69,93.78
U004,8,2026-02-23,Monday,8,2.11,2,1.24,1,2,99.0,3,0.37,0.7,87.97,100.0
U004,8,2026-02-24,Tuesday,8,2.79,1,2.78,1,0,99.0,3,0.13,1.08,89.69,100.0
U004,8,2026-02-25,Wednesday,8,1.93,2,1.0,0,0,94.12,4,0.29,1.08,87.15,100.0
U004,8,2026-02-26,Thursday,8,3.77,2,1.9,0,0,94.47,2,0.73,1.91,100.0,100.0
U004,8,2026-02-27,Friday,8,4.41,2,2.19,0,2,95.18,2,0.5,1.34,100.0,100.0
U004,8,2026-02-28,Saturday,8,0.85,2,0.75,0,2,99.0,1,0.42,0.51,76.44,94.15
U004,8,2026-03-01,Sunday,8,0.28,2,0.31,0,1,99.0,1,0.0,0.31,83.0,77.85
U004,9,2026-03-02,Monday,9,4.2,2,1.86,1,0,99.0,3,0.36,1.33,95.85,100.0
U004,9,2026-03-03,Tuesday,9,3.45,3,0.99,0,1,99.0,1,0.44,1.29,100.0,100.0
U004,9,2026-03-04,Wednesday,9,2.73,1,3.0,1,1,99.0,1,1.11,1.18,92.26,100.0
U004,9,2026-03-05,Thursday,9,2.71,2,1.41,0,0,99.0,2,0.63,0.94,85.95,100.0
U004,9,2026-03-06,Friday,9,3.06,3,0.93,1,1,94.45,3,1.2,0.44,100.0,100.0
U004,9,2026-03-07,Saturday,9,2.34,1,2.08,0,0,95.33,2,0.26,0.58,74.59,97.35
U004,9,2026-03-08,Sunday,9,2.77,2,1.76,0,0,97.8,2,0.17,0.3,84.19,100.0
U004,10,2026-03-09,Monday,10,0.84,2,0.46,1,0,99.0,2,0.84,0.78,89.22,83.1
U004,10,2026-03-10,Tuesday,10,2.48,1,2.57,1,0,95.09,2,0.78,1.13,99.25,100.0
U004,10,2026-03-11,Wednesday,10,2.42,1,2.64,1,0,99.0,0,0.72,0.73,77.9,96.36
U004,10,2026-03-12,Thursday,10,3.75,2,1.58,0,0,99.0,3,0.98,1.19,82.96,100.0
U004,10,2026-03-13,Friday,10,2.11,3,0.58,1,0,99.0,2,1.64,1.42,80.45,100.0
U004,10,2026-03-14,Saturday,10,1.63,2,0.84,0,1,99.0,2,0.0,0.58,87.91,98.67
U004,10,2026-03-15,Sunday,10,0.25,2,0.25,0,0,99.0,1,0.05,0.87,71.67,85.75
U004,11,2026-03-16,Monday,11,3.48,2,1.71,1,0,99.0,3,0.86,1.73,100.0,100.0
U004,11,2026-03-17,Tuesday,11,2.27,2,1.1,0,2,99.0,2,0.74,1.14,85.17,100.0
U004,11,2026-03-18,Wednesday,11,2.66,2,1.62,0,1,89.6,2,0.19,1.52,83.44,95.99
U004,11,2026-03-19,Thursday,11,2.88,2,1.24,1,0,99.0,3,1.01,0.84,85.96,100.0
U004,11,2026-03-20,Friday,11,2.49,3,0.61,0,0,99.0,3,1.01,0.51,77.64,95.78
U004,11,2026-03-21,Saturday,11,0.59,1,0.59,0,0,99.0,1,0.99,0.56,76.81,88.02
U004,11,2026-03-22,Sunday,11,2.72,1,2.62,0,1,99.0,0,1.34,0.48,74.23,100.0
U004,12,2026-03-23,Monday,12,2.71,2,1.35,0,0,99.0,3,0.23,1.34,89.89,100.0
U004,12,2026-03-24,Tuesday,12,4.49,3,1.78,1,1,97.36,2,1.28,0.86,92.65,100.0
U004,12,2026-03-25,Wednesday,12,3.2,3,1.16,0,2,99.0,1,1.26,1.18,88.7,100.0
U004,12,2026-03-26,Thursday,12,3.62,3,1.32,1,0,99.0,3,0.85,1.23,89.16,100.0
U004,12,2026-03-27,Friday,12,2.54,3,0.96,1,0,99.0,3,0.0,1.38,91.88,100.0
U004,12,2026-03-28,Saturday,12,3.84,2,1.71,1,0,99.0,2,0.0,0.0,84.24,100.0
U004,12,2026-03-29,Sunday,12,3.34,1,3.0,1,0,99.0,2,0.82,0.8,100.0,100.0
U005,1,2026-01-05,Monday,1,2.02,3,0.57,0,0,81.28,2,0.0,0.87,73.97,85.84
U005,1,2026-01-06,Tuesday,1,2.24,2,0.93,0,1,80.88,1,0.75,0.54,66.07,87.56
U005,1,2026-01-07,Wednesday,1,3.7,1,3.0,0,1,84.54,2,0.01,0.95,90.04,99.93
U005,1,2026-01-08,Thursday,1,0.71,2,0.29,1,1,83.37,1,0.62,0.81,72.33,83.72
U005,1,2026-01-09,Friday,1,2.58,2,1.33,0,0,85.05,2,0.65,1.19,86.95,98.38
U005,1,2026-01-10,Saturday,1,2.62,2,1.05,0,1,93.96,0,0.46,1.29,69.24,94.09
U005,1,2026-01-11,Sunday,1,2.81,1,2.78,0,0,76.39,1,0.57,0.0,66.2,93.32
U005,2,2026-01-12,Monday,2,3.06,0,0.25,0,0,86.09,3,0.67,1.51,81.88,82.51
U005,2,2026-01-13,Tuesday,2,3.3,3,1.05,1,0,99.0,1,0.32,1.15,94.32,100.0
U005,2,2026-01-14,Wednesday,2,1.98,2,0.97,0,0,86.88,1,0.49,0.51,81.82,91.11
U005,2,2026-01-15,Thursday,2,4.13,2,1.92,1,1,84.77,2,0.68,0.61,95.48,100.0
U005,2,2026-01-16,Friday,2,3.38,2,1.43,0,0,75.22,3,0.4,0.2,81.79,89.28
U005,2,2026-01-17,Saturday,2,2.27,0,0.25,0,0,86.43,1,0.69,0.0,79.3,90.87
U005,2,2026-01-18,Sunday,2,1.4,3,0.65,0,0,62.61,1,0.53,0.84,83.59,86.48
U005,3,2026-01-19,Monday,3,3.18,3,0.9,0,1,82.88,2,0.0,0.69,81.44,98.25
U005,3,2026-01-20,Tuesday,3,2.44,3,0.65,0,0,80.93,3,0.82,1.18,71.48,97.79
U005,3,2026-01-21,Wednesday,3,2.55,3,0.81,0,0,80.63,3,0.19,0.23,74.47,84.17
U005,3,2026-01-22,Thursday,3,2.42,3,0.55,1,0,89.45,2,0.73,0.64,77.81,92.58
U005,3,2026-01-23,Friday,3,3.73,3,1.09,1,0,82.83,3,0.69,0.89,83.44,100.0
U005,3,2026-01-24,Saturday,3,1.86,0,0.25,0,0,89.2,1,0.35,0.67,63.58,78.55
U005,3,2026-01-25,Sunday,3,1.24,1,1.28,0,1,72.41,1,0.31,0.0,68.71,78.43
U005,4,2026-01-26,Monday,4,2.25,2,1.2,0,0,88.74,3,0.83,0.96,83.51,96.1
U005,4,2026-01-27,Tuesday,4,2.96,2,1.4,1,0,66.17,1,1.2,0.8,81.87,95.24
U005,4,2026-01-28,Wednesday,4,3.29,2,1.89,0,1,81.97,1,0.83,0.44,93.56,100.0
U005,4,2026-01-29,Thursday,4,0.25,2,0.25,1,0,77.22,2,0.08,0.81,71.38,90.37
U005,4,2026-01-30,Friday,4,0.82,2,0.36,0,0,63.98,3,0.64,0.85,64.08,80.91
U005,4,2026-01-31,Saturday,4,1.87,0,0.25,0,0,76.5,1,0.59,0.76,69.0,89.19
U005,4,2026-02-01,Sunday,4,1.91,2,0.86,0,0,77.66,2,0.56,0.87,59.66,76.26
U005,5,2026-02-02,Monday,5,2.68,2,1.24,0,0,81.69,3,0.82,1.08,74.91,94.99
U005,5,2026-02-03,Tuesday,5,2.78,2,1.42,0,0,79.23,4,0.71,0.48,83.17,91.08
U005,5,2026-02-04,Wednesday,5,2.47,3,0.7,0,0,74.84,2,0.56,0.69,91.21,77.25
U005,5,2026-02-05,Thursday,5,2.27,2,1.09,1,0,78.36,3,0.0,0.59,69.9,86.35
U005,5,2026-02-06,Friday,5,4.06,1,3.0,0,0,86.27,3,0.39,0.66,83.87,96.29
U005,5,2026-02-07,Saturday,5,1.27,1,1.1,0,0,72.86,2,0.8,0.23,84.95,79.03
U005,5,2026-02-08,Sunday,5,3.07,1,2.94,1,0,77.09,2,0.88,0.51,81.62,100.0
U005,6,2026-02-09,Monday,6,3.42,1,3.0,1,1,90.44,2,0.62,1.47,77.55,100.0
U005,6,2026-02-10,Tuesday,6,2.26,1,2.23,0,1,88.77,2,0.72,0.94,74.64,79.19
U005,6,2026-02-11,Wednesday,6,2.98,3,1.02,1,0,75.35,3,0.57,0.94,83.46,100.0
U005,6,2026-02-12,Thursday,6,2.06,2,1.03,1,0,76.08,3,0.24,1.11,79.7,94.66
U005,6,2026-02-13,Friday,6,1.49,3,0.46,0,0,91.84,2,0.78,0.95,72.32,85.45
U005,6,2026-02-14,Saturday,6,1.64,2,0.88,0,0,91.9,2,0.71,0.76,74.49,89.12
U005,6,2026-02-15,Sunday,6,3.16,1,3.0,0,1,91.28,1,0.09,0.0,84.6,95.9
U005,7,2026-02-16,Monday,7,2.76,3,1.14,1,0,86.05,2,0.65,0.79,98.0,100.0
U005,7,2026-02-17,Tuesday,7,5.0,2,2.48,0,0,89.45,3,1.2,0.83,88.68,100.0
U005,7,2026-02-18,Wednesday,7,2.51,3,0.78,0,0,78.32,3,0.91,0.89,89.93,99.45
U005,7,2026-02-19,Thursday,7,2.53,1,2.69,1,0,84.39,2,1.51,1.25,83.72,100.0
U005,7,2026-02-20,Friday,7,3.14,1,3.0,1,0,92.25,2,0.9,0.7,94.3,100.0
U005,7,2026-02-21,Saturday,7,2.11,2,1.2,0,0,90.48,1,0.48,0.3,69.07,89.26
U005,7,2026-02-22,Sunday,7,0.9,1,1.01,0,2,87.98,1,0.78,0.43,68.38,91.37
U005,8,2026-02-23,Monday,8,3.51,3,1.07,0,0,85.23,1,1.22,1.3,93.99,100.0
U005,8,2026-02-24,Tuesday,8,1.89,3,0.79,0,0,86.89,4,0.81,1.25,81.93,100.0
U005,8,2026-02-25,Wednesday,8,1.12,3,0.25,0,0,78.46,1,0.65,1.47,79.37,77.79
U005,8,2026-02-26,Thursday,8,2.98,1,2.95,1,1,83.97,3,0.36,0.55,80.27,96.64
U005,8,2026-02-27,Friday,8,2.64,1,2.55,0,1,96.24,3,0.11,1.03,81.34,91.59
U005,8,2026-02-28,Saturday,8,2.01,2,0.91,0,1,90.9,1,0.83,1.31,67.94,93.28
U005,8,2026-03-01,Sunday,8,3.48,2,1.79,0,0,72.99,2,0.73,0.19,69.68,95.74
U005,9,2026-03-02,Monday,9,2.6,3,0.9,1,1,83.01,2,0.01,0.52,88.68,99.21
U005,9,2026-03-03,Tuesday,9,2.05,4,0.25,0,1,87.96,3,0.77,1.02,79.52,89.49
U005,9,2026-03-04,Wednesday,9,2.05,2,1.07,1,0,82.22,2,1.14,0.96,73.02,92.88
U005,9,2026-03-05,Thursday,9,2.03,2,1.1,0,1,93.72,3,1.27,1.22,84.22,83.67
U005,9,2026-03-06,Friday,9,2.54,2,1.5,1,1,96.63,1,0.59,0.74,73.38,98.31
U005,9,2026-03-07,Saturday,9,2.78,2,1.43,0,1,78.54,1,0.8,0.0,69.44,82.42
U005,9,2026-03-08,Sunday,9,2.33,2,1.18,1,1,73.08,1,0.53,0.19,83.58,100.0
U005,10,2026-03-09,Monday,10,3.73,1,3.0,1,1,95.46,2,1.1,0.71,98.96,100.0
U005,10,2026-03-10,Tuesday,10,4.46,2,2.31,0,0,95.27,2,1.01,1.69,96.24,100.0
U005,10,2026-03-11,Wednesday,10,3.41,1,3.0,0,1,94.81,2,1.17,1.34,84.04,100.0
U005,10,2026-03-12,Thursday,10,2.47,2,1.22,0,0,87.62,4,0.86,0.46,87.07,100.0
U005,10,2026-03-13,Friday,10,2.38,2,1.32,0,2,80.02,3,0.31,1.64,79.15,90.5
U005,10,2026-03-14,Saturday,10,2.18,2,1.06,0,0,99.0,1,0.04,0.37,74.53,94.94
U005,10,2026-03-15,Sunday,10,1.72,2,0.91,0,0,87.6,2,0.59,0.45,80.57,93.89
U005,11,2026-03-16,Monday,11,3.66,2,2.02,1,0,90.55,1,0.54,0.38,88.4,100.0
U005,11,2026-03-17,Tuesday,11,3.02,2,1.43,1,0,99.0,2,1.09,1.21,95.25,100.0
U005,11,2026-03-18,Wednesday,11,3.63,2,2.16,0,0,99.0,3,0.89,1.02,83.01,100.0
U005,11,2026-03-19,Thursday,11,4.12,3,1.22,0,0,92.49,2,1.51,0.87,83.52,100.0
U005,11,2026-03-20,Friday,11,3.99,2,1.8,1,1,85.0,1,0.94,1.52,90.47,100.0
U005,11,2026-03-21,Saturday,11,2.4,1,2.38,0,0,65.01,1,0.43,0.07,72.95,84.69
U005,11,2026-03-22,Sunday,11,2.78,1,2.68,0,0,79.34,1,0.0,0.63,89.93,98.41
U005,12,2026-03-23,Monday,12,4.63,3,1.45,0,0,88.07,3,0.54,0.92,89.77,100.0
U005,12,2026-03-24,Tuesday,12,3.29,3,0.89,1,1,99.0,2,0.92,1.12,92.45,100.0
U005,12,2026-03-25,Wednesday,12,2.65,3,0.9,1,0,95.26,2,0.38,1.38,92.19,100.0
U005,12,2026-03-26,Thursday,12,4.84,3,1.51,0,2,97.23,2,1.09,1.05,100.0,100.0
U005,12,2026-03-27,Friday,12,3.6,3,1.09,0,0,78.2,3,0.88,1.11,87.43,99.12
U005,12,2026-03-28,Saturday,12,2.45,0,0.25,0,0,87.46,1,0.93,1.14,87.65,100.0
U005,12,2026-03-29,Sunday,12,2.91,1,2.86,0,0,82.94,2,0.87,1.1,97.44,100.0
U006,1,2026-01-05,Monday,1,2.61,2,1.26,1,0,79.05,1,0.39,0.91,89.51,97.26
U006,1,2026-01-06,Tuesday,1,3.61,1,3.0,1,1,77.97,2,0.31,0.58,72.42,100.0
U006,1,2026-01-07,Wednesday,1,2.18,2,1.03,0,0,82.81,2,0.54,1.76,70.09,93.42
U006,1,2026-01-08,Thursday,1,3.36,2,1.79,1,0,80.18,2,0.19,0.91,71.17,100.0
U006,1,2026-01-09,Friday,1,1.25,3,0.41,0,1,76.35,3,1.0,0.57,78.44,76.69
U006,1,2026-01-10,Saturday,1,1.66,1,1.54,0,1,87.54,2,0.46,1.15,79.49,85.55
U006,1,2026-01-11,Sunday,1,1.89,1,1.86,0,0,65.15,1,0.0,0.0,69.36,77.25
U006,2,2026-01-12,Monday,2,2.52,1,2.4,0,1,84.85,3,1.01,0.96,59.92,82.58
U006,2,2026-01-13,Tuesday,2,2.75,3,0.73,0,0,70.54,3,0.45,0.53,74.02,95.13
U006,2,2026-01-14,Wednesday,2,4.28,3,1.09,0,0,74.54,3,0.46,1.16,70.61,96.18
U006,2,2026-01-15,Thursday,2,1.99,1,2.26,0,2,78.01,2,0.37,1.09,75.49,88.58
U006,2,2026-01-16,Friday,2,2.7,2,1.3,0,0,74.55,2,0.38,0.73,81.9,92.36
U006,2,2026-01-17,Saturday,2,3.17,1,3.0,1,0,83.12,0,0.35,0.0,74.81,99.78
U006,2,2026-01-18,Sunday,2,3.33,1,3.0,0,0,84.04,1,0.54,1.06,90.22,100.0
U006,3,2026-01-19,Monday,3,2.05,2,0.75,0,1,82.59,2,0.83,0.8,69.27,83.35
U006,3,2026-01-20,Tuesday,3,3.48,3,1.04,1,0,87.34,2,1.23,0.12,77.18,100.0
U006,3,2026-01-21,Wednesday,3,3.03,3,0.72,1,0,99.0,3,0.1,0.02,82.22,94.57
U006,3,2026-01-22,Thursday,3,2.31,2,1.23,0,1,78.94,2,0.59,1.0,73.47,87.74
U006,3,2026-01-23,Friday,3,2.34,2,1.03,0,0,95.86,2,1.04,0.78,67.88,95.79
U006,3,2026-01-24,Saturday,3,3.26,1,2.95,1,0,94.03,2,0.68,0.37,82.45,100.0
U006,3,2026-01-25,Sunday,3,1.28,1,1.12,0,1,91.27,1,0.79,0.17,81.43,79.77
U006,4,2026-01-26,Monday,4,3.19,2,1.52,0,2,87.48,2,0.25,1.03,83.38,96.0
U006,4,2026-01-27,Tuesday,4,3.16,1,3.0,1,0,94.27,2,1.18,0.56,83.72,100.0
U006,4,2026-01-28,Wednesday,4,1.87,2,1.05,0,1,87.45,2,0.57,0.62,78.1,79.88
U006,4,2026-01-29,Thursday,4,5.81,2,3.0,1,0,72.46,3,0.48,1.34,90.19,100.0
U006,4,2026-01-30,Friday,4,3.97,2,1.98,0,1,86.02,2,0.16,0.63,82.29,100.0
U006,4,2026-01-31,Saturday,4,1.65,1,1.44,0,1,87.04,1,0.5,1.05,72.41,100.0
U006,4,2026-02-01,Sunday,4,3.26,1,3.0,0,0,82.64,2,0.0,0.21,81.93,92.07
U006,5,2026-02-02,Monday,5,3.0,3,1.02,0,0,94.08,2,0.79,0.41,78.33,95.04
U006,5,2026-02-03,Tuesday,5,3.07,3,1.14,0,0,81.36,3,0.56,1.6,90.69,87.13
U006,5,2026-02-04,Wednesday,5,3.78,2,1.82,0,0,79.71,2,0.63,0.7,75.6,100.0
U006,5,2026-02-05,Thursday,5,3.18,3,1.21,0,1,79.88,1,1.24,1.29,73.76,100.0
U006,5,2026-02-06,Friday,5,3.39,3,1.26,0,0,75.78,1,0.65,0.63,88.12,100.0
U006,5,2026-02-07,Saturday,5,1.89,1,1.78,0,0,91.26,1,0.0,0.0,75.94,89.01
U006,5,2026-02-08,Sunday,5,1.27,1,1.3,0,0,91.57,2,0.32,0.39,76.96,81.34
U006,6,2026-02-09,Monday,6,3.91,2,2.05,0,0,93.84,2,0.52,1.16,89.87,100.0
U006,6,2026-02-10,Tuesday,6,3.19,2,1.81,0,0,96.11,2,0.68,1.15,73.38,99.88
U006,6,2026-02-11,Wednesday,6,2.48,1,2.57,0,0,84.11,2,0.87,1.45,88.3,97.46
U006,6,2026-02-12,Thursday,6,3.68,3,1.37,0,0,76.97,2,0.4,0.46,75.02,100.0
U006,6,2026-02-13,Friday,6,2.2,2,1.09,0,0,94.71,2,1.38,0.3,75.7,90.12
U006,6,2026-02-14,Saturday,6,0.93,0,0.25,0,0,86.48,2,0.64,0.81,85.2,82.97
U006,6,2026-02-15,Sunday,6,3.17,1,3.0,0,1,83.35,1,0.83,0.07,71.92,100.0
U006,7,2026-02-16,Monday,7,1.92,2,0.92,0,0,88.16,2,0.69,0.9,95.03,97.78
U006,7,2026-02-17,Tuesday,7,5.45,2,2.9,0,0,78.7,3,0.56,1.38,92.58,100.0
U006,7,2026-02-18,Wednesday,7,3.05,2,1.31,0,0,88.08,2,1.31,1.24,80.19,93.09
U006,7,2026-02-19,Thursday,7,2.06,2,0.89,0,0,96.82,2,0.84,0.59,76.14,95.93
U006,7,2026-02-20,Friday,7,4.19,2,1.82,1,0,77.4,2,1.04,0.58,90.43,100.0
U006,7,2026-02-21,Saturday,7,0.5,0,0.25,0,0,92.89,2,0.57,0.57,71.31,75.85
U006,7,2026-02-22,Sunday,7,2.28,1,2.5,0,0,89.45,3,0.0,0.94,81.91,92.2
U006,8,2026-02-23,Monday,8,2.0,2,0.77,1,1,95.81,3,0.67,1.24,84.86,96.42
U006,8,2026-02-24,Tuesday,8,3.07,1,2.97,0,1,91.36,3,0.5,0.62,85.76,92.02
U006,8,2026-02-25,Wednesday,8,3.42,2,1.79,0,0,95.49,2,0.51,0.71,86.43,100.0
U006,8,2026-02-26,Thursday,8,2.34,2,1.12,0,1,99.0,2,0.57,1.0,84.78,93.26
U006,8,2026-02-27,Friday,8,3.44,2,1.8,1,2,69.59,2,1.03,0.92,76.84,100.0
U006,8,2026-02-28,Saturday,8,3.52,1,3.0,0,0,92.99,2,0.87,1.25,92.28,100.0
U006,8,2026-03-01,Sunday,8,1.82,1,1.83,0,0,82.91,1,0.52,0.68,83.89,97.7
U006,9,2026-03-02,Monday,9,1.71,3,0.72,0,0,78.52,3,0.73,1.04,80.68,94.62
U006,9,2026-03-03,Tuesday,9,3.3,2,1.6,1,1,85.76,2,0.37,1.24,80.59,100.0
U006,9,2026-03-04,Wednesday,9,3.41,3,1.43,0,1,93.01,3,0.98,0.58,85.33,100.0
U006,9,2026-03-05,Thursday,9,3.23,2,1.57,0,0,94.45,2,0.39,0.76,80.72,99.77
U006,9,2026-03-06,Friday,9,2.67,1,2.71,0,0,82.13,2,1.04,1.39,82.28,98.76
U006,9,2026-03-07,Saturday,9,1.33,0,0.25,0,0,76.72,2,0.39,0.72,83.02,91.38
U006,9,2026-03-08,Sunday,9,1.97,2,1.08,1,0,77.0,1,0.12,1.13,79.19,93.97
U006,10,2026-03-09,Monday,10,3.45,1,3.0,1,1,91.96,2,1.48,0.77,86.73,100.0
U006,10,2026-03-10,Tuesday,10,3.33,2,1.54,1,0,99.0,1,0.72,0.7,98.13,100.0
U006,10,2026-03-11,Wednesday,10,3.95,1,3.0,0,2,86.56,3,0.97,1.11,96.04,93.42
U006,10,2026-03-12,Thursday,10,3.41,2,1.75,0,0,93.18,3,1.01,1.39,79.78,100.0
U006,10,2026-03-13,Friday,10,2.72,2,1.44,0,1,91.39,3,0.63,1.22,89.11,100.0
U006,10,2026-03-14,Saturday,10,4.22,0,0.25,0,1,89.79,1,0.77,0.4,89.62,100.0
U006,10,2026-03-15,Sunday,10,2.38,1,2.35,0,0,90.41,0,0.36,1.95,91.21,94.95
U006,11,2026-03-16,Monday,11,1.77,2,0.8,0,0,91.12,2,1.4,1.34,82.9,98.68
U006,11,2026-03-17,Tuesday,11,4.51,3,1.41,1,1,99.0,3,0.91,1.08,97.2,100.0
U006,11,2026-03-18,Wednesday,11,3.46,2,1.58,1,0,99.0,3,1.57,0.15,89.94,100.0
U006,11,2026-03-19,Thursday,11,3.95,3,1.32,0,0,94.13,3,0.94,1.05,86.88,100.0
U006,11,2026-03-20,Friday,11,3.06,3,1.08,1,0,94.19,3,0.86,0.12,86.09,98.8
U006,11,2026-03-21,Saturday,11,5.97,0,0.25,1,2,97.39,2,1.03,0.0,100.0,100.0
U006,11,2026-03-22,Sunday,11,1.84,2,0.73,0,0,91.77,2,0.75,0.67,81.7,90.46
U006,12,2026-03-23,Monday,12,2.26,5,0.54,1,0,93.65,2,1.04,1.81,84.91,100.0
U006,12,2026-03-24,Tuesday,12,2.82,3,0.72,0,1,91.07,2,0.54,1.52,83.81,100.0
U006,12,2026-03-25,Wednesday,12,4.0,2,1.88,0,0,75.95,3,0.71,0.96,94.81,100.0
U006,12,2026-03-26,Thursday,12,3.84,4,0.7,1,1,92.95,3,1.2,1.19,91.35,100.0
U006,12,2026-03-27,Friday,12,2.65,2,1.26,0,0,85.65,3,0.67,1.72,100.0,100.0
U006,12,2026-03-28,Saturday,12,3.85,0,0.25,0,0,92.92,1,0.29,0.15,83.23,100.0
U006,12,2026-03-29,Sunday,12,3.55,1,3.0,0,0,99.0,2,0.65,0.75,80.77,100.0
U007,1,2026-01-05,Monday,1,2.01,2,1.0,0,2,95.09,2,0.18,0.37,74.44,84.01
U007,1,2026-01-06,Tuesday,1,3.95,1,3.0,0,1,96.48,4,0.56,1.2,86.11,100.0
U007,1,2026-01-07,Wednesday,1,1.58,2,0.73,1,1,91.19,3,0.46,0.92,85.6,100.0
U007,1,2026-01-08,Thursday,1,2.26,2,1.07,0,0,83.31,2,1.02,0.47,78.18,92.8
U007,1,2026-01-09,Friday,1,3.46,2,1.62,0,0,93.84,2,0.46,1.25,78.94,100.0
U007,1,2026-01-10,Saturday,1,1.9,2,0.8,0,1,82.54,1,0.75,1.01,77.04,85.42
U007,1,2026-01-11,Sunday,1,2.26,2,1.29,0,1,69.14,1,0.23,0.72,76.61,78.43
U007,2,2026-01-12,Monday,2,1.95,2,0.96,0,0,94.32,2,0.42,0.91,64.53,78.39
U007,2,2026-01-13,Tuesday,2,3.36,2,1.51,0,0,75.17,2,0.34,0.94,85.35,95.75
U007,2,2026-01-14,Wednesday,2,3.47,3,1.14,0,1,87.41,2,1.03,0.2,89.07,100.0
U007,2,2026-01-15,Thursday,2,3.93,2,2.21,0,0,95.72,2,0.97,0.12,92.07,100.0
U007,2,2026-01-16,Friday,2,3.07,3,0.96,0,0,92.41,2,0.93,0.95,92.58,98.43
U007,2,2026-01-17,Saturday,2,2.51,1,2.32,0,0,86.19,2,0.3,0.63,74.87,93.29
U007,2,2026-01-18,Sunday,2,2.1,2,1.1,0,0,82.65,1,1.05,0.26,80.81,83.07
U007,3,2026-01-19,Monday,3,2.59,2,1.31,0,1,81.99,2,0.96,0.64,88.06,100.0
U007,3,2026-01-20,Tuesday,3,4.07,2,1.98,1,0,84.1,2,0.52,1.58,89.78,100.0
U007,3,2026-01-21,Wednesday,3,3.13,2,1.53,1,2,87.72,2,1.18,1.26,88.92,95.61
U007,3,2026-01-22,Thursday,3,3.54,2,1.65,0,0,78.9,2,0.2,0.59,88.16,97.24
U007,3,2026-01-23,Friday,3,3.41,2,1.89,0,1,85.46,3,0.77,0.62,83.04,89.95
U007,3,2026-01-24,Saturday,3,2.94,2,1.56,1,0,92.1,1,0.36,0.21,70.72,99.58
U007,3,2026-01-25,Sunday,3,1.7,1,1.69,0,0,86.45,1,0.32,0.39,72.72,91.07
U007,4,2026-01-26,Monday,4,2.32,2,0.82,0,1,99.0,2,1.29,0.4,87.16,94.92
U007,4,2026-01-27,Tuesday,4,2.23,3,0.86,0,0,89.6,1,1.48,0.71,75.35,95.93
U007,4,2026-01-28,Wednesday,4,1.59,2,0.77,0,1,76.63,2,0.94,0.49,78.68,84.1
U007,4,2026-01-29,Thursday,4,2.54,2,1.56,0,0,87.48,3,0.26,0.99,89.67,85.04
U007,4,2026-01-30,Friday,4,4.02,1,3.0,1,1,78.83,2,0.74,1.02,72.64,100.0
U007,4,2026-01-31,Saturday,4,1.71,2,0.97,0,0,94.34,1,0.47,0.79,80.72,81.96
U007,4,2026-02-01,Sunday,4,1.0,2,0.32,0,1,80.38,2,0.43,0.67,69.77,75.78
U007,5,2026-02-02,Monday,5,3.31,2,1.64,1,1,72.57,3,0.48,0.66,87.12,100.0
U007,5,2026-02-03,Tuesday,5,1.56,2,0.72,0,0,99.0,3,0.61,1.55,66.37,86.65
U007,5,2026-02-04,Wednesday,5,3.43,1,3.0,1,1,89.77,2,1.17,0.92,89.64,100.0
U007,5,2026-02-05,Thursday,5,1.43,3,0.65,0,0,87.72,3,0.45,0.99,75.1,88.72
U007,5,2026-02-06,Friday,5,2.85,3,1.22,1,0,88.26,1,0.39,1.13,88.75,100.0
U007,5,2026-02-07,Saturday,5,2.0,1,1.92,0,1,96.83,1,0.67,0.0,81.8,92.08
U007,5,2026-02-08,Sunday,5,2.38,1,2.19,0,0,85.72,2,0.49,0.0,67.81,89.67
U007,6,2026-02-09,Monday,6,3.34,2,1.74,0,0,94.58,2,0.88,0.57,83.38,90.56
U007,6,2026-02-10,Tuesday,6,4.49,2,2.33,0,0,72.38,2,0.94,1.05,89.92,96.02
U007,6,2026-02-11,Wednesday,6,1.77,2,0.94,0,0,89.26,2,0.87,1.08,73.44,89.77
U007,6,2026-02-12,Thursday,6,3.49,2,1.6,1,0,91.64,3,0.35,1.7,85.98,100.0
U007,6,2026-02-13,Friday,6,3.81,3,1.3,1,1,99.0,3,1.03,1.0,92.02,100.0
U007,6,2026-02-14,Saturday,6,2.87,1,2.95,0,0,89.92,1,0.74,0.0,77.45,100.0
U007,6,2026-02-15,Sunday,6,2.17,1,2.16,0,0,90.88,2,0.45,0.61,79.82,88.07
U007,7,2026-02-16,Monday,7,3.89,3,1.22,1,0,94.66,2,0.84,0.25,91.62,100.0
U007,7,2026-02-17,Tuesday,7,3.96,2,2.1,0,2,96.48,3,1.15,1.09,82.83,100.0
U007,7,2026-02-18,Wednesday,7,3.28,2,1.63,0,0,99.0,2,0.82,1.45,86.31,100.0
U007,7,2026-02-19,Thursday,7,4.05,2,1.84,1,2,94.33,3,0.34,0.67,90.37,100.0
U007,7,2026-02-20,Friday,7,4.39,2,1.93,0,0,87.29,3,0.45,1.12,81.34,100.0
U007,7,2026-02-21,Saturday,7,2.76,0,0.25,1,0,93.35,2,0.91,0.47,88.06,100.0
U007,7,2026-02-22,Sunday,7,2.75,1,2.62,0,0,97.74,2,0.69,0.23,77.89,95.31
U007,8,2026-02-23,Monday,8,2.97,3,0.97,1,3,98.72,3,1.41,0.39,85.06,100.0
U007,8,2026-02-24,Tuesday,8,2.61,2,1.36,0,0,85.38,2,1.29,1.63,94.46,92.99
U007,8,2026-02-25,Wednesday,8,2.96,1,3.0,0,1,99.0,3,0.39,1.33,93.88,100.0
U007,8,2026-02-26,Thursday,8,2.81,2,1.52,1,0,99.0,2,1.16,1.36,100.0,100.0
U007,8,2026-02-27,Friday,8,2.61,2,1.52,1,0,89.95,3,0.47,1.17,87.89,100.0
U007,8,2026-02-28,Saturday,8,2.26,1,2.16,0,1,90.46,1,0.28,0.81,71.54,97.93
U007,8,2026-03-01,Sunday,8,2.44,2,1.08,0,0,98.35,1,0.98,0.0,94.16,100.0
U007,9,2026-03-02,Monday,9,3.25,2,1.63,1,0,86.09,3,1.53,1.35,94.81,100.0
U007,9,2026-03-03,Tuesday,9,3.84,1,3.0,1,0,99.0,2,0.94,0.68,79.28,100.0
U007,9,2026-03-04,Wednesday,9,1.74,2,1.11,1,0,94.47,2,0.6,1.66,80.48,100.0
U007,9,2026-03-05,Thursday,9,2.32,2,0.96,0,0,99.0,3,1.02,0.6,90.3,96.36
U007,9,2026-03-06,Friday,9,3.5,3,1.35,0,0,94.12,3,1.4,1.33,91.38,98.9
U007,9,2026-03-07,Saturday,9,2.93,2,1.47,0,0,99.0,2,0.62,0.97,77.93,100.0
U007,9,2026-03-08,Sunday,9,2.28,2,1.04,0,0,92.4,2,0.44,0.21,82.02,100.0
U007,10,2026-03-09,Monday,10,3.72,2,1.94,0,0,98.25,2,1.3,1.56,93.79,100.0
U007,10,2026-03-10,Tuesday,10,2.46,2,1.45,1,0,99.0,2,0.7,0.77,85.91,95.95
U007,10,2026-03-11,Wednesday,10,2.89,2,1.71,1,0,95.47,3,0.73,1.5,90.82,100.0
U007,10,2026-03-12,Thursday,10,3.75,2,2.03,0,0,93.72,2,1.1,1.02,96.83,100.0
U007,10,2026-03-13,Friday,10,3.15,3,0.85,1,0,87.81,3,0.61,1.11,100.0,100.0
U007,10,2026-03-14,Saturday,10,3.15,2,1.46,0,0,76.67,1,0.99,0.62,95.44,100.0
U007,10,2026-03-15,Sunday,10,2.28,2,1.06,0,0,96.22,2,0.38,0.36,88.87,100.0
U007,11,2026-03-16,Monday,11,3.36,2,1.66,1,0,86.03,3,0.71,0.79,86.15,100.0
U007,11,2026-03-17,Tuesday,11,1.78,3,0.79,0,0,96.57,2,1.06,1.2,86.1,100.0
U007,11,2026-03-18,Wednesday,11,1.23,2,0.56,0,1,88.64,2,1.11,1.65,81.53,86.57
U007,11,2026-03-19,Thursday,11,1.97,3,0.66,0,0,99.0,2,0.36,1.57,87.33,93.02
U007,11,2026-03-20,Friday,11,3.06,2,1.69,1,0,84.85,2,0.54,1.35,97.4,100.0
U007,11,2026-03-21,Saturday,11,1.72,2,1.1,0,0,89.88,1,0.13,0.0,90.32,99.62
U007,11,2026-03-22,Sunday,11,3.35,2,1.72,1,0,99.0,2,0.55,0.12,80.36,100.0
U007,12,2026-03-23,Monday,12,2.58,2,1.02,0,0,94.94,2,0.0,0.68,83.82,93.77
U007,12,2026-03-24,Tuesday,12,4.36,3,1.7,1,0,99.0,2,0.95,1.53,91.06,100.0
U007,12,2026-03-25,Wednesday,12,4.45,2,2.54,0,0,99.0,2,0.43,1.15,94.4,100.0
U007,12,2026-03-26,Thursday,12,3.47,4,0.91,1,0,93.48,3,0.77,1.38,90.75,100.0
U007,12,2026-03-27,Friday,12,4.55,2,2.17,1,0,99.0,3,0.6,1.88,100.0,100.0
U007,12,2026-03-28,Saturday,12,3.41,2,1.52,0,0,91.29,1,0.64,0.9,90.26,100.0
U007,12,2026-03-29,Sunday,12,2.6,1,2.7,1,0,93.35,1,0.73,0.0,87.16,100.0
U008,1,2026-01-05,Monday,1,1.93,2,1.15,0,1,78.98,2,0.2,1.21,64.22,81.73
U008,1,2026-01-06,Tuesday,1,2.32,0,0.25,1,0,85.69,3,0.98,0.43,75.28,97.69
U008,1,2026-01-07,Wednesday,1,1.87,0,0.25,0,0,95.85,2,0.0,1.22,79.56,89.24
U008,1,2026-01-08,Thursday,1,2.38,3,1.07,0,0,91.8,1,0.09,0.49,73.31,84.84
U008,1,2026-01-09,Friday,1,1.29,3,0.53,0,0,81.29,2,0.49,1.42,78.4,85.5
U008,1,2026-01-10,Saturday,1,1.62,2,0.55,0,1,87.66,2,0.49,0.15,82.7,96.82
U008,1,2026-01-11,Sunday,1,2.75,1,2.48,0,0,90.48,1,0.51,0.0,78.09,90.07
U008,2,2026-01-12,Monday,2,3.24,2,1.63,0,0,93.53,2,0.7,0.54,85.39,97.54
U008,2,2026-01-13,Tuesday,2,2.18,3,0.85,1,1,92.66,2,0.54,0.94,76.35,89.18
U008,2,2026-01-14,Wednesday,2,3.08,1,3.0,0,0,96.89,2,0.7,0.66,91.29,95.99
U008,2,2026-01-15,Thursday,2,3.01,1,2.98,0,0,92.44,2,0.38,0.52,87.91,100.0
U008,2,2026-01-16,Friday,2,3.32,2,1.45,1,0,95.58,3,0.58,1.22,93.78,100.0
U008,2,2026-01-17,Saturday,2,1.03,2,0.54,0,1,91.74,0,0.2,0.0,71.74,77.87
U008,2,2026-01-18,Sunday,2,0.68,1,0.66,0,1,99.0,1,0.91,0.81,90.26,77.86
U008,3,2026-01-19,Monday,3,1.9,2,0.93,1,0,99.0,2,0.82,0.88,77.61,88.88
U008,3,2026-01-20,Tuesday,3,2.96,2,1.5,0,1,99.0,3,0.4,1.02,79.6,93.53
U008,3,2026-01-21,Wednesday,3,2.14,3,0.65,1,0,86.42,1,1.23,0.72,86.66,96.38
U008,3,2026-01-22,Thursday,3,3.62,1,3.0,1,1,73.67,3,0.08,0.76,86.58,96.84
U008,3,2026-01-23,Friday,3,3.16,2,1.69,0,1,97.39,1,0.85,0.86,80.04,94.39
U008,3,2026-01-24,Saturday,3,3.34,2,1.66,0,0,82.48,2,0.74,0.47,88.75,100.0
U008,3,2026-01-25,Sunday,3,2.78,2,1.53,0,1,80.6,0,1.22,0.94,81.94,89.38
U008,4,2026-01-26,Monday,4,2.48,2,1.15,1,1,97.12,3,0.44,0.4,76.58,96.8
U008,4,2026-01-27,Tuesday,4,3.05,2,1.58,0,0,82.34,2,0.53,1.18,99.77,93.42
U008,4,2026-01-28,Wednesday,4,1.82,1,1.33,1,1,81.36,1,0.82,0.64,78.81,88.22
U008,4,2026-01-29,Thursday,4,4.06,2,2.09,1,3,99.0,2,0.54,0.9,94.33,100.0
U008,4,2026-01-30,Friday,4,3.31,3,0.78,1,0,87.04,3,0.78,1.99,85.12,100.0
U008,4,2026-01-31,Saturday,4,0.77,1,0.63,0,0,99.0,1,0.64,0.63,80.12,84.6
U008,4,2026-02-01,Sunday,4,1.99,1,2.08,0,2,95.43,1,0.13,0.11,88.62,90.73
U008,5,2026-02-02,Monday,5,2.54,2,1.29,0,3,91.45,2,0.27,0.94,81.09,96.12
U008,5,2026-02-03,Tuesday,5,3.17,2,1.58,0,0,95.75,3,0.76,0.43,87.24,100.0
U008,5,2026-02-04,Wednesday,5,2.73,2,1.33,1,0,83.15,3,0.45,1.58,97.08,100.0
U008,5,2026-02-05,Thursday,5,2.8,1,3.0,0,0,82.13,2,0.75,0.53,74.86,94.39
U008,5,2026-02-06,Friday,5,2.13,2,1.07,1,0,92.16,2,0.76,1.24,86.98,96.9
U008,5,2026-02-07,Saturday,5,2.59,2,1.26,1,0,90.14,2,0.91,0.0,74.94,93.26
U008,5,2026-02-08,Sunday,5,2.03,1,2.05,0,2,84.06,2,0.39,0.16,88.53,89.58
U008,6,2026-02-09,Monday,6,1.94,3,0.55,1,0,84.19,3,0.76,1.43,79.93,93.03
U008,6,2026-02-10,Tuesday,6,4.74,1,3.0,1,0,99.0,2,0.35,0.86,93.48,100.0
U008,6,2026-02-11,Wednesday,6,1.79,1,1.98,1,0,91.0,2,1.13,1.65,81.99,100.0
U008,6,2026-02-12,Thursday,6,4.14,2,2.12,0,2,99.0,3,1.23,1.81,98.54,100.0
U008,6,2026-02-13,Friday,6,2.45,2,1.12,0,1,99.0,2,0.64,1.01,90.03,96.85
U008,6,2026-02-14,Saturday,6,1.4,1,1.25,1,0,85.49,1,1.15,0.06,76.9,83.88
U008,6,2026-02-15,Sunday,6,3.47,2,1.93,0,0,99.0,1,1.41,0.75,90.45,100.0
U008,7,2026-02-16,Monday,7,3.83,1,3.0,0,1,97.61,3,0.85,0.66,100.0,100.0
U008,7,2026-02-17,Tuesday,7,3.32,2,1.54,0,0,94.51,2,1.11,1.25,85.7,100.0
U008,7,2026-02-18,Wednesday,7,1.94,3,0.39,0,0,99.0,3,0.4,0.68,92.46,89.6
U008,7,2026-02-19,Thursday,7,1.85,2,0.91,0,2,91.58,3,0.48,0.8,94.77,92.03
U008,7,2026-02-20,Friday,7,4.0,2,2.02,0,1,99.0,3,0.57,0.85,97.63,100.0
U008,7,2026-02-21,Saturday,7,1.7,2,0.71,0,0,99.0,2,0.07,0.49,83.46,100.0
U008,7,2026-02-22,Sunday,7,2.07,1,2.23,0,0,91.69,1,0.72,0.8,73.76,91.12
U008,8,2026-02-23,Monday,8,3.4,1,3.0,1,0,92.16,3,0.4,0.7,88.11,100.0
U008,8,2026-02-24,Tuesday,8,3.06,2,1.45,1,0,86.09,2,0.34,1.06,78.0,100.0
U008,8,2026-02-25,Wednesday,8,2.21,2,0.89,0,0,99.0,3,1.22,0.85,83.85,90.99
U008,8,2026-02-26,Thursday,8,2.35,3,0.9,1,0,92.2,2,0.36,1.13,81.36,100.0
U008,8,2026-02-27,Friday,8,2.57,2,1.22,0,0,99.0,3,0.88,0.35,89.67,100.0
U008,8,2026-02-28,Saturday,8,2.04,1,1.89,0,3,89.94,2,0.12,0.94,77.7,95.16
U008,8,2026-03-01,Sunday,8,1.85,2,1.08,0,0,99.0,1,0.0,1.04,83.11,98.38
U008,9,2026-03-02,Monday,9,3.21,2,1.44,1,0,99.0,3,0.66,0.81,89.24,100.0
U008,9,2026-03-03,Tuesday,9,1.29,2,0.81,1,0,95.5,3,0.96,0.38,85.82,87.13
U008,9,2026-03-04,Wednesday,9,1.33,2,0.69,0,0,93.94,2,1.1,0.9,71.0,94.69
U008,9,2026-03-05,Thursday,9,4.2,3,1.52,0,0,78.32,3,0.9,1.55,81.02,96.04
U008,9,2026-03-06,Friday,9,3.49,2,1.65,0,0,97.85,2,1.19,1.3,85.88,100.0
U008,9,2026-03-07,Saturday,9,2.38,1,2.29,0,0,93.79,2,1.0,0.0,84.59,99.61
U008,9,2026-03-08,Sunday,9,2.31,3,0.87,1,0,99.0,2,1.0,0.69,86.01,99.95
U008,10,2026-03-09,Monday,10,2.08,3,0.71,0,0,93.08,3,0.74,0.72,89.53,100.0
U008,10,2026-03-10,Tuesday,10,2.86,2,1.78,0,0,98.79,2,1.41,0.96,92.36,100.0
U008,10,2026-03-11,Wednesday,10,2.43,2,1.22,1,1,99.0,2,0.49,0.84,83.26,100.0
U008,10,2026-03-12,Thursday,10,2.49,1,2.32,1,0,99.0,1,0.71,0.0,83.22,100.0
U008,10,2026-03-13,Friday,10,4.26,3,1.06,0,0,99.0,2,0.53,0.83,94.72,100.0
U008,10,2026-03-14,Saturday,10,2.72,3,0.82,0,0,92.26,1,0.18,0.27,82.17,91.88
U008,10,2026-03-15,Sunday,10,2.98,1,3.0,0,1,86.95,0,0.23,1.41,90.28,100.0
U008,11,2026-03-16,Monday,11,3.38,2,2.06,1,0,99.0,3,1.24,0.47,98.07,100.0
U008,11,2026-03-17,Tuesday,11,4.94,2,2.21,0,0,99.0,3,1.01,0.91,100.0,100.0
U008,11,2026-03-18,Wednesday,11,3.85,2,2.08,1,0,99.0,3,0.62,0.68,100.0,100.0
U008,11,2026-03-19,Thursday,11,3.28,2,1.6,0,0,99.0,2,0.69,1.47,90.16,100.0
U008,11,2026-03-20,Friday,11,4.23,2,2.0,1,1,89.47,4,0.84,0.17,94.55,94.57
U008,11,2026-03-21,Saturday,11,2.69,2,1.41,0,0,99.0,2,0.69,0.55,84.86,97.16
U008,11,2026-03-22,Sunday,11,0.76,1,0.78,1,0,99.0,2,0.82,1.33,79.9,99.33
U008,12,2026-03-23,Monday,12,4.17,2,2.12,1,0,92.88,2,0.44,0.6,95.4,100.0
U008,12,2026-03-24,Tuesday,12,2.34,2,0.85,0,0,99.0,3,1.03,1.73,85.18,92.85
U008,12,2026-03-25,Wednesday,12,3.56,2,1.78,1,1,97.74,2,0.67,0.53,100.0,100.0
U008,12,2026-03-26,Thursday,12,2.59,2,1.23,1,0,99.0,3,0.13,0.97,92.29,100.0
U008,12,2026-03-27,Friday,12,4.07,1,3.0,1,3,99.0,2,1.06,0.35,87.24,100.0
U008,12,2026-03-28,Saturday,12,3.55,1,3.0,0,1,95.79,1,0.48,0.43,100.0,100.0
U008,12,2026-03-29,Sunday,12,1.33,2,0.74,0,0,99.0,2,0.48,1.1,89.91,100.0
U009,1,2026-01-05,Monday,1,2.11,2,0.87,1,1,91.08,2,1.13,0.48,81.99,100.0
U009,1,2026-01-06,Tuesday,1,0.91,3,0.29,0,0,93.55,2,0.6,1.01,72.13,85.68
U009,1,2026-01-07,Wednesday,1,3.02,2,1.51,0,0,89.55,2,0.48,0.42,87.89,99.52
U009,1,2026-01-08,Thursday,1,2.58,2,1.2,0,1,93.79,1,0.18,0.18,75.86,89.11
U009,1,2026-01-09,Friday,1,2.95,3,0.89,0,0,82.17,2,0.3,0.22,83.51,92.23
U009,1,2026-01-10,Saturday,1,2.14,2,1.39,0,0,83.03,1,0.31,0.0,77.55,82.4
U009,1,2026-01-11,Sunday,1,1.39,2,0.64,0,0,99.0,2,0.26,0.0,80.25,82.83
U009,2,2026-01-12,Monday,2,0.74,2,0.39,0,0,90.54,1,0.81,0.37,74.21,81.11
U009,2,2026-01-13,Tuesday,2,2.25,1,2.25,0,0,94.87,1,1.01,0.82,94.72,100.0
U009,2,2026-01-14,Wednesday,2,2.96,2,1.46,0,0,97.3,3,0.74,0.0,72.52,85.24
U009,2,2026-01-15,Thursday,2,1.18,1,1.59,0,0,99.0,3,0.0,0.08,59.47,77.53
U009,2,2026-01-16,Friday,2,3.21,2,1.81,0,0,88.8,2,0.15,1.45,100.0,99.82
U009,2,2026-01-17,Saturday,2,2.21,1,2.09,0,0,95.92,1,0.74,0.79,82.56,89.4
U009,2,2026-01-18,Sunday,2,2.62,1,2.78,0,0,90.74,2,0.34,0.46,94.68,91.16
U009,3,2026-01-19,Monday,3,3.62,2,1.85,0,0,99.0,2,0.09,1.05,92.25,100.0
U009,3,2026-01-20,Tuesday,3,2.29,3,0.55,0,0,83.58,2,0.26,0.95,86.96,94.03
U009,3,2026-01-21,Wednesday,3,3.55,2,1.57,0,0,98.0,2,0.18,0.17,77.38,97.5
U009,3,2026-01-22,Thursday,3,2.87,1,2.81,0,0,89.73,2,0.7,0.64,84.25,95.18
U009,3,2026-01-23,Friday,3,4.51,2,2.08,1,1,89.26,2,1.29,0.71,88.03,100.0
U009,3,2026-01-24,Saturday,3,0.89,1,0.88,0,1,93.84,1,0.17,0.51,80.55,78.2
U009,3,2026-01-25,Sunday,3,2.91,1,2.92,0,0,83.71,2,0.36,0.02,80.79,97.46
U009,4,2026-01-26,Monday,4,1.96,2,1.03,1,1,99.0,3,0.63,1.01,62.22,86.86
U009,4,2026-01-27,Tuesday,4,1.22,1,1.22,0,0,82.43,2,0.58,0.43,60.09,81.12
U009,4,2026-01-28,Wednesday,4,1.76,2,0.8,1,0,95.12,3,0.89,0.09,73.71,91.65
U009,4,2026-01-29,Thursday,4,2.59,2,1.21,0,0,96.51,2,0.73,0.59,90.98,98.71
U009,4,2026-01-30,Friday,4,3.33,1,3.0,1,2,86.4,2,0.69,0.95,89.13,100.0
U009,4,2026-01-31,Saturday,4,2.08,1,2.14,0,0,99.0,0,0.77,0.66,83.85,96.13
U009,4,2026-02-01,Sunday,4,1.16,1,1.42,0,3,74.92,2,1.05,0.0,79.74,86.15
U009,5,2026-02-02,Monday,5,2.01,1,2.06,0,1,84.3,3,1.28,0.74,91.73,88.81
U009,5,2026-02-03,Tuesday,5,3.38,2,1.34,1,0,97.52,2,1.12,0.25,82.09,100.0
U009,5,2026-02-04,Wednesday,5,2.59,2,1.17,1,0,99.0,3,1.22,0.34,77.61,100.0
U009,5,2026-02-05,Thursday,5,3.55,1,3.0,0,1,99.0,2,0.51,0.77,92.05,100.0
U009,5,2026-02-06,Friday,5,1.28,2,0.59,0,0,99.0,3,0.84,0.91,94.89,95.95
U009,5,2026-02-07,Saturday,5,1.8,2,1.1,0,0,87.3,1,0.12,0.28,78.19,91.65
U009,5,2026-02-08,Sunday,5,2.5,2,1.2,0,1,85.92,1,0.49,0.26,91.92,93.81
U009,6,2026-02-09,Monday,6,1.49,2,0.63,1,1,99.0,2,0.27,0.67,86.3,100.0
U009,6,2026-02-10,Tuesday,6,0.92,2,0.55,0,0,91.17,3,0.78,0.62,81.87,81.16
U009,6,2026-02-11,Wednesday,6,3.42,3,0.85,1,2,91.67,2,1.12,0.36,93.98,100.0
U009,6,2026-02-12,Thursday,6,1.81,3,0.6,1,1,99.0,2,0.75,1.4,92.79,100.0
U009,6,2026-02-13,Friday,6,2.92,3,0.74,0,1,90.83,3,0.88,0.98,81.47,93.8
U009,6,2026-02-14,Saturday,6,2.8,2,1.46,0,0,99.0,2,0.73,0.2,83.37,100.0
U009,6,2026-02-15,Sunday,6,1.46,0,0.25,0,0,99.0,1,0.52,0.22,85.31,74.7
U009,7,2026-02-16,Monday,7,1.96,2,0.72,1,0,99.0,2,0.76,1.11,69.76,98.0
U009,7,2026-02-17,Tuesday,7,2.01,1,1.84,0,1,90.55,2,0.93,1.01,74.09,95.8
U009,7,2026-02-18,Wednesday,7,1.43,3,0.48,0,0,99.0,2,0.31,0.86,76.76,88.71
U009,7,2026-02-19,Thursday,7,3.42,1,3.0,0,1,97.44,2,1.06,1.2,86.73,100.0
U009,7,2026-02-20,Friday,7,2.79,2,1.6,1,0,98.31,4,0.95,1.69,90.74,100.0
U009,7,2026-02-21,Saturday,7,1.73,2,0.73,0,1,99.0,1,1.29,1.16,72.55,91.28
U009,7,2026-02-22,Sunday,7,2.24,1,2.03,0,0,97.33,1,1.22,0.92,91.06,93.96
U009,8,2026-02-23,Monday,8,2.93,2,1.19,0,0,99.0,1,0.58,0.28,91.88,100.0
U009,8,2026-02-24,Tuesday,8,2.98,2,1.54,0,0,91.8,2,0.6,1.3,95.86,99.68
U009,8,2026-02-25,Wednesday,8,3.83,2,1.94,0,0,99.0,3,1.05,1.45,91.59,100.0
U009,8,2026-02-26,Thursday,8,2.63,2,1.26,1,1,99.0,3,1.2,0.51,100.0,100.0
U009,8,2026-02-27,Friday,8,2.15,3,0.81,1,0,99.0,3,1.09,0.58,81.1,95.8
U009,8,2026-02-28,Saturday,8,3.46,1,3.0,0,0,99.0,1,0.57,0.9,90.76,100.0
U009,8,2026-03-01,Sunday,8,0.86,1,0.82,0,0,91.87,3,1.38,0.73,82.87,87.37
U009,9,2026-03-02,Monday,9,3.34,1,3.0,0,1,91.2,3,0.83,0.9,92.77,100.0
U009,9,2026-03-03,Tuesday,9,3.94,4,0.71,1,0,99.0,3,0.39,0.44,93.4,100.0
U009,9,2026-03-04,Wednesday,9,1.41,2,1.16,1,0,99.0,2,0.73,0.77,88.1,94.7
U009,9,2026-03-05,Thursday,9,4.81,1,3.0,1,0,99.0,3,1.26,0.53,98.49,100.0
U009,9,2026-03-06,Friday,9,3.7,3,1.08,0,0,97.95,2,0.87,0.39,92.34,100.0
U009,9,2026-03-07,Saturday,9,3.03,2,1.62,1,0,87.7,2,0.27,0.0,95.43,100.0
U009,9,2026-03-08,Sunday,9,3.11,0,0.25,1,0,93.06,2,0.31,1.13,100.0,100.0
U009,10,2026-03-09,Monday,10,2.77,2,1.46,0,1,99.0,3,1.3,1.55,96.01,100.0
U009,10,2026-03-10,Tuesday,10,2.03,2,1.15,0,1,93.45,1,0.48,1.47,87.77,96.71
U009,10,2026-03-11,Wednesday,10,3.9,3,1.48,1,0,99.0,2,1.12,1.08,95.3,100.0
U009,10,2026-03-12,Thursday,10,3.43,2,1.76,0,0,99.0,3,1.1,1.81,87.39,97.86
U009,10,2026-03-13,Friday,10,4.94,2,2.27,0,1,99.0,2,1.06,1.55,100.0,100.0
U009,10,2026-03-14,Saturday,10,1.64,2,1.04,1,0,99.0,1,0.76,0.81,75.81,84.23
U009,10,2026-03-15,Sunday,10,1.75,2,0.69,0,0,99.0,2,0.09,0.58,77.03,96.87
U009,11,2026-03-16,Monday,11,4.62,2,2.22,0,2,92.87,3,0.9,1.16,82.42,100.0
U009,11,2026-03-17,Tuesday,11,2.69,2,1.45,1,0,86.29,3,1.02,0.24,99.92,98.1
U009,11,2026-03-18,Wednesday,11,2.54,3,0.87,1,0,95.93,3,0.89,0.87,78.16,100.0
U009,11,2026-03-19,Thursday,11,4.28,3,1.47,0,1,99.0,3,0.44,1.34,100.0,100.0
U009,11,2026-03-20,Friday,11,3.69,2,1.83,1,0,99.0,2,0.55,0.84,100.0,100.0
U009,11,2026-03-21,Saturday,11,2.07,1,2.05,0,0,99.0,1,0.89,0.33,85.88,100.0
U009,11,2026-03-22,Sunday,11,2.05,1,1.89,0,0,92.08,1,0.57,0.71,71.69,91.29
U009,12,2026-03-23,Monday,12,3.19,2,1.63,0,1,99.0,2,1.24,1.03,97.53,100.0
U009,12,2026-03-24,Tuesday,12,2.71,2,1.47,0,1,99.0,2,1.22,1.29,83.86,100.0
U009,12,2026-03-25,Wednesday,12,2.52,2,1.32,1,1,87.53,1,0.87,1.02,90.99,100.0
U009,12,2026-03-26,Thursday,12,1.67,3,0.75,0,0,93.85,3,0.68,1.3,93.02,99.7
U009,12,2026-03-27,Friday,12,1.54,3,0.53,0,1,99.0,2,0.59,1.19,86.24,100.0
U009,12,2026-03-28,Saturday,12,2.35,0,0.25,0,0,99.0,0,0.64,0.98,100.0,100.0
U009,12,2026-03-29,Sunday,12,2.08,1,2.39,0,0,99.0,1,0.6,1.05,81.63,100.0
U010,1,2026-01-05,Monday,1,2.03,2,1.21,0,1,83.65,1,0.77,0.65,79.92,79.8
U010,1,2026-01-06,Tuesday,1,3.29,1,3.0,0,0,76.22,2,0.7,1.49,90.6,94.76
U010,1,2026-01-07,Wednesday,1,3.12,2,1.64,1,0,76.81,3,0.44,0.82,77.55,100.0
U010,1,2026-01-08,Thursday,1,4.82,1,3.0,1,0,80.46,2,1.11,0.76,86.56,100.0
U010,1,2026-01-09,Friday,1,1.26,3,0.52,0,0,85.72,1,0.33,1.0,67.85,79.84
U010,1,2026-01-10,Saturday,1,1.45,2,0.85,0,0,59.48,1,0.15,0.44,75.98,76.09
U010,1,2026-01-11,Sunday,1,2.5,2,1.35,0,0,79.77,1,0.86,0.11,65.81,87.2
U010,2,2026-01-12,Monday,2,3.89,1,3.0,0,0,64.68,3,0.44,1.31,90.03,92.48
U010,2,2026-01-13,Tuesday,2,3.9,1,3.0,0,2,80.54,1,0.69,0.72,95.7,100.0
U010,2,2026-01-14,Wednesday,2,1.66,2,1.06,1,0,87.79,2,0.84,1.21,70.98,88.82
U010,2,2026-01-15,Thursday,2,2.85,3,1.05,0,0,72.89,2,0.14,0.8,78.29,84.93
U010,2,2026-01-16,Friday,2,3.23,1,3.0,0,1,88.79,2,0.34,0.71,78.2,91.35
U010,2,2026-01-17,Saturday,2,1.67,1,1.88,0,0,81.65,0,0.8,0.42,71.83,75.93
U010,2,2026-01-18,Sunday,2,2.25,1,2.47,0,0,81.1,2,0.56,0.35,78.2,83.26
U010,3,2026-01-19,Monday,3,3.0,2,1.38,1,0,88.73,3,0.66,0.35,80.96,100.0
U010,3,2026-01-20,Tuesday,3,2.6,2,1.07,1,0,81.53,1,0.0,1.59,65.06,84.69
U010,3,2026-01-21,Wednesday,3,2.53,3,0.84,0,1,88.27,2,0.68,0.77,93.82,94.45
U010,3,2026-01-22,Thursday,3,4.19,2,2.1,0,0,74.03,2,0.45,1.21,84.41,100.0
U010,3,2026-01-23,Friday,3,2.73,3,0.76,0,0,80.83,2,0.86,0.1,73.67,95.89
U010,3,2026-01-24,Saturday,3,2.5,1,2.42,0,0,82.83,1,0.55,0.0,73.8,100.0
U010,3,2026-01-25,Sunday,3,2.26,0,0.25,0,1,87.15,1,0.42,0.66,73.88,91.16
U010,4,2026-01-26,Monday,4,4.48,2,2.21,0,0,68.61,3,0.83,0.75,84.13,100.0
U010,4,2026-01-27,Tuesday,4,4.38,3,1.36,0,0,80.16,2,0.89,0.77,76.77,100.0
U010,4,2026-01-28,Wednesday,4,4.62,3,1.91,0,0,90.8,3,0.16,0.73,100.0,100.0
U010,4,2026-01-29,Thursday,4,3.42,2,1.87,0,0,91.64,1,0.19,0.0,68.46,100.0
U010,4,2026-01-30,Friday,4,3.34,0,0.25,1,0,93.34,2,0.65,1.01,83.37,100.0
U010,4,2026-01-31,Saturday,4,2.59,1,2.71,0,1,88.41,2,0.16,0.63,83.18,93.59
U010,4,2026-02-01,Sunday,4,3.27,3,1.59,1,1,91.17,2,0.16,0.35,83.71,99.71
U010,5,2026-02-02,Monday,5,2.39,1,2.54,0,0,89.5,2,0.69,1.0,70.04,89.03
U010,5,2026-02-03,Tuesday,5,1.85,1,2.03,0,0,84.86,2,0.92,1.39,71.16,86.95
U010,5,2026-02-04,Wednesday,5,3.58,3,1.14,0,0,91.71,2,0.72,0.76,86.1,99.73
U010,5,2026-02-05,Thursday,5,3.9,1,3.0,0,1,92.1,3,0.67,1.32,86.6,100.0
U010,5,2026-02-06,Friday,5,2.77,2,1.65,0,2,87.57,1,0.49,1.74,63.57,89.27
U010,5,2026-02-07,Saturday,5,3.45,2,1.84,0,1,87.22,1,0.0,0.91,82.27,100.0
U010,5,2026-02-08,Sunday,5,1.26,2,0.77,0,1,87.99,1,0.39,0.0,60.44,100.0
U010,6,2026-02-09,Monday,6,3.11,3,1.05,0,1,83.3,3,0.71,0.35,78.04,95.18
U010,6,2026-02-10,Tuesday,6,3.36,0,0.25,1,0,72.67,3,0.61,0.79,77.87,100.0
U010,6,2026-02-11,Wednesday,6,1.95,2,1.04,0,0,85.25,3,1.22,1.77,88.41,96.42
U010,6,2026-02-12,Thursday,6,2.68,2,1.47,0,0,71.32,3,0.58,0.7,85.52,96.49
U010,6,2026-02-13,Friday,6,3.85,1,3.0,0,2,89.28,4,0.95,0.58,87.13,100.0
U010,6,2026-02-14,Saturday,6,2.3,2,1.05,0,0,70.44,2,0.49,0.58,77.31,86.74
U010,6,2026-02-15,Sunday,6,2.74,2,1.57,0,0,80.15,2,0.79,0.54,79.07,92.75
U010,7,2026-02-16,Monday,7,2.98,3,0.61,1,0,81.81,3,0.36,1.03,84.4,95.63
U010,7,2026-02-17,Tuesday,7,3.18,1,3.0,0,0,79.14,2,0.18,1.38,82.29,92.03
U010,7,2026-02-18,Wednesday,7,3.13,1,3.0,0,1,81.77,3,0.04,1.08,89.94,98.63
U010,7,2026-02-19,Thursday,7,1.91,1,1.77,1,1,84.56,2,1.1,1.42,82.26,98.1
U010,7,2026-02-20,Friday,7,5.24,2,2.66,0,0,87.08,2,0.65,0.45,99.74,100.0
U010,7,2026-02-21,Saturday,7,2.88,2,1.29,1,0,80.67,1,0.33,1.31,96.93,100.0
U010,7,2026-02-22,Sunday,7,1.23,1,1.04,0,0,81.71,1,0.32,0.73,66.65,71.31
U010,8,2026-02-23,Monday,8,2.94,2,1.63,1,0,93.35,3,0.74,1.54,83.77,100.0
U010,8,2026-02-24,Tuesday,8,3.18,1,3.0,1,0,93.51,2,0.62,1.12,75.95,100.0
U010,8,2026-02-25,Wednesday,8,3.37,2,1.71,1,1,93.41,1,0.75,1.43,94.65,100.0
U010,8,2026-02-26,Thursday,8,3.38,2,1.69,1,0,72.32,2,0.6,0.96,83.24,100.0
U010,8,2026-02-27,Friday,8,3.24,2,1.69,0,0,92.78,2,1.62,0.99,82.57,96.62
U010,8,2026-02-28,Saturday,8,2.96,2,1.62,0,0,88.69,1,0.29,0.58,77.22,87.45
U010,8,2026-03-01,Sunday,8,2.88,2,1.22,0,0,86.69,2,0.24,0.5,78.35,98.76
U010,9,2026-03-02,Monday,9,1.66,2,0.41,0,0,83.27,2,0.91,0.9,79.78,90.7
U010,9,2026-03-03,Tuesday,9,3.59,3,1.09,0,0,78.59,3,1.1,0.12,88.67,100.0
U010,9,2026-03-04,Wednesday,9,1.67,2,0.62,0,2,82.66,3,0.51,1.02,60.65,88.67
U010,9,2026-03-05,Thursday,9,1.71,2,0.73,1,0,77.75,2,1.22,0.5,87.75,100.0
U010,9,2026-03-06,Friday,9,3.57,2,1.6,0,0,81.65,3,0.78,0.95,77.26,100.0
U010,9,2026-03-07,Saturday,9,2.05,2,1.28,0,0,71.52,2,0.81,0.18,81.54,100.0
U010,9,2026-03-08,Sunday,9,1.57,1,1.57,0,0,82.38,2,0.26,0.36,69.17,85.2
U010,10,2026-03-09,Monday,10,4.14,3,1.32,1,2,96.31,2,0.84,1.72,87.8,100.0
U010,10,2026-03-10,Tuesday,10,4.0,2,2.03,0,0,87.02,2,0.8,0.71,84.05,100.0
U010,10,2026-03-11,Wednesday,10,2.37,1,2.4,0,0,96.37,2,1.39,0.74,73.92,90.06
U010,10,2026-03-12,Thursday,10,3.48,2,1.79,1,0,75.94,1,1.04,1.21,82.34,100.0
U010,10,2026-03-13,Friday,10,2.22,3,0.5,0,1,91.68,3,0.77,1.02,78.48,98.73
U010,10,2026-03-14,Saturday,10,3.34,1,3.0,0,1,89.36,1,0.36,0.51,72.71,100.0
U010,10,2026-03-15,Sunday,10,1.7,2,0.66,0,1,89.19,2,0.43,0.38,74.85,94.11
U010,11,2026-03-16,Monday,11,2.92,1,2.82,1,0,83.13,1,0.95,1.18,91.16,100.0
U010,11,2026-03-17,Tuesday,11,1.88,2,0.95,0,0,99.0,2,0.58,1.63,70.98,90.46
U010,11,2026-03-18,Wednesday,11,4.16,2,2.07,1,1,86.79,2,0.81,1.16,91.78,100.0
U010,11,2026-03-19,Thursday,11,3.15,3,1.12,1,1,80.41,2,0.55,1.89,92.04,100.0
U010,11,2026-03-20,Friday,11,2.6,2,1.25,0,0,96.12,3,1.26,0.67,83.41,95.6
U010,11,2026-03-21,Saturday,11,1.43,3,0.53,0,2,93.8,1,0.96,0.31,69.25,89.11
U010,11,2026-03-22,Sunday,11,1.87,2,0.89,0,0,89.33,2,1.08,0.39,82.15,98.82
U010,12,2026-03-23,Monday,12,4.46,1,3.0,1,0,83.7,2,0.86,1.3,88.35,100.0
U010,12,2026-03-24,Tuesday,12,3.14,2,1.48,0,0,88.45,3,1.1,1.37,89.74,100.0
U010,12,2026-03-25,Wednesday,12,3.8,3,1.51,0,1,85.92,2,0.51,0.92,86.64,97.17
U010,12,2026-03-26,Thursday,12,3.97,2,2.1,0,0,89.69,2,0.65,1.15,100.0,100.0
U010,12,2026-03-27,Friday,12,3.12,3,0.93,1,0,86.03,2,0.91,1.08,93.64,100.0
U010,12,2026-03-28,Saturday,12,1.14,2,0.48,1,0,98.33,1,0.75,0.81,92.56,100.0
U010,12,2026-03-29,Sunday,12,0.76,1,0.72,0,0,98.5,1,0.53,0.6,84.95,99.56
